1	0	DEMO_1_RAW	1.154700538379271	0.996698479658593	30.74061197197127	NaN	{1}{1}
2	0	DEMO_1_RAW	1.1340172302144234	0.573537582152983	55.59758015101622	0.6235414792182752	{1}{2}
3	0	DEMO_1_RAW	1.0727693642319218	0.6988457586923786	31.018197899025683	0.6591414751043154	{1}{3}
4	0	DEMO_1_RAW	0.9964025081079855	0.6108174544643531	66.5410668836577	0.7096597764785177	{1}{4}
5	0	DEMO_1_RAW	446.38973667487943	-0.18723627174788576	-8.15156396735272	0.8560891932590411	{1}{5}
6	0	DEMO_1_RAW	1.0883448518948542	0.6742900404729077	327.44538322704074	0.6497083897216039	{1}{6}
7	0	DEMO_1_RAW	0.8480461126546849	0.7650576568057398	50.980518740602335	0.8338069954392093	{1}{7}
8	0	DEMO_1_RAW	1.1544511192625657	0.20654605694230438	84.30311157815638	0.612504738735261	{1}{8}
9	0	DEMO_1_RAW	1.151881486344085	0.5579206236248988	136.52527356180192	0.6138711226550945	{1}{9}
10	0	DEMO_1_RAW	0.9599485116650966	0.2249094619048559	10.5941790934058	0.736609070792736	{1}{10}
11	0	DEMO_1_RAW	0.9251775721419949	0.4025674922876748	19.110185637952533	0.7642930421988459	{1}{11}
12	0	DEMO_1_RAW	1.1221226642870261	0.4964548495748894	21.06627275437756	0.6301510553978995	{1}{12}
13	0	DEMO_1_RAW	1.0429879874263916	0.3958516710036025	44.81130593116995	0.6779625362046188	{1}{13}
14	0	DEMO_1_RAW	1.1452852613232758	0.4968196985346143	47.168660521207116	0.6174066890283283	{1}{14}
15	0	DEMO_1_RAW	0.9797935591371867	0.8284364653972328	56.88011289224564	0.7216895585731661	{1}{15}
16	0	DEMO_1_RAW	0.7587823654707121	0.4517716479687687	44.35678829622764	0.9318966984002374	{1}{16}
17	0	DEMO_1_RAW	0.646982419499762	0.30635118395734934	20.613591219663157	1.0929304411907714	{1}{17}
18	0	DEMO_1_RAW	0.6060138073047858	0.744397142674503	26.461401256002357	1.1668162881162185	{1}{18}
19	0	DEMO_1_RAW	1.0225434087435237	0.32541235538636676	37.09055057412209	0.6915176168955243	{1}{19}
20	0	DEMO_1_RAW	0.7527616685271826	0.45587754047759643	31.548928247874603	0.9393501432798659	{1}{20}
21	0	DEMO_1_RAW	0.8472139508947025	0.679520579597902	35.41174289727332	0.834625988441061	{1}{21}
22	0	DEMO_1_RAW	0.6019867905612991	0.7486321769257284	23.42534351417049	1.1746217562800476	{1}{22}
23	0	DEMO_1_RAW	0.6019919536131623	0.5359162809096083	13.653372228826948	1.1746116820041383	{1}{23}
24	0	DEMO_1_RAW	0.7724923208984492	0.40179120378408983	11.93525449274184	0.9153576832506168	{1}{24}
25	0	DEMO_1_RAW	0.7931649635138562	0.6211047908977009	191.37467332563457	0.891500272596341	{1}{25}
26	0	DEMO_1_RAW	0.6844657980740467	0.32591085506170603	24.232417923002004	1.033078326449866	{1}{26}
27	0	DEMO_1_RAW	0.990735174324093	0.8391175174872283	59.93443894396866	0.7137192657654002	{1}{27}
28	0	DEMO_1_RAW	0.990735174324093	0.8391175174872283	68.36597946011538	0.7137192657654002	{1}{28}
29	0	DEMO_1_RAW	1.1547005383792819	0.9978953269443742	192.91014457530272	NaN	{2}{2}
30	0	DEMO_1_RAW	1.1341927707744126	0.8087731694311858	25.47571357581088	0.6234449728537221	{2}{3}
31	0	DEMO_1_RAW	0.9108709587007667	0.8601088830560624	34.7239129994482	0.776297426580752	{2}{4}
32	0	DEMO_1_RAW	0.9904188992795299	0.08776519880703658	5.591983251082537	0.7139471810371515	{2}{5}
33	0	DEMO_1_RAW	1.1544159471181825	0.8234110341926716	57.07540954687952	0.6125234002125719	{2}{6}
34	0	DEMO_1_RAW	1.1466845886533277	0.8417857586079177	74.47034343769329	0.616653252501612	{2}{7}
35	0	DEMO_1_RAW	0.622052422501813	0.03597190517291317	7.162322729133514	1.136731818104103	{2}{8}
36	0	DEMO_1_RAW	0.7023558713732082	0.7476221729572622	27.869095950338206	1.0067642487333508	{2}{9}
37	0	DEMO_1_RAW	0.7278880544630086	0.6193153508829802	38.25571071836416	0.9714499047634566	{2}{10}
38	0	DEMO_1_RAW	0.7196039851696181	0.03297121382237521	1.114008501843247	0.9826332201591167	{2}{11}
39	0	DEMO_1_RAW	1.015024111293509	0.8273115900363259	124.07301968491225	0.6966403786068066	{2}{12}
40	0	DEMO_1_RAW	0.8859914256846864	0.6807205398603334	41.1677955099658	0.798096641443343	{2}{13}
41	0	DEMO_1_RAW	0.9390040403961322	0.2800276033853098	10.416418722404245	0.7530391252505257	{2}{14}
42	0	DEMO_1_RAW	1.0323895803491956	0.6882820861651708	37.33902667918569	0.6849224310724964	{2}{15}
43	0	DEMO_1_RAW	253.89922387223723	-0.054058970877224374	-4.812720740997185	0.651235464815929	{2}{16}
44	0	DEMO_1_RAW	0.7725613618959895	0.8076162400821912	47.55944425459707	0.9152758810655429	{2}{17}
45	0	DEMO_1_RAW	0.5952290015298516	0.26130511258837436	11.638584999617697	1.1879575413314447	{2}{18}
46	0	DEMO_1_RAW	0.9953870260315496	0.77567620501926	36.67014315038067	0.7103837629928434	{2}{19}
47	0	DEMO_1_RAW	549.8703011523808	-0.048926227792682554	-1.7525894390274115	1.0821412137727067	{2}{20}
48	0	DEMO_1_RAW	0.9436432313474435	0.26409429268320056	17.171779352399486	0.7493369927284276	{2}{21}
49	0	DEMO_1_RAW	0.6887499473612593	0.7568080975081739	31.292778793026734	1.0266523923460569	{2}{22}
50	0	DEMO_1_RAW	115.8124918524026	-0.01736794992437406	-2.28913132752876	0.698670529385897	{2}{23}
51	0	DEMO_1_RAW	1.1525887587174373	0.8548029355704736	160.34946284345153	0.6134944279455148	{2}{24}
52	0	DEMO_1_RAW	1.05531678353813	0.2984726163277876	25.332696253100025	0.6700422017508819	{2}{25}
53	0	DEMO_1_RAW	0.6980766851378171	0.8384624024984527	89.70278486341687	1.0129356791896116	{2}{26}
54	0	DEMO_1_RAW	0.6677766533289158	0.6854090731289602	29.46524316152711	1.0588971292444667	{2}{27}
55	0	DEMO_1_RAW	0.6677766533289158	0.6854090731289602	25.777576506873746	1.0588971292444667	{2}{28}
56	0	DEMO_1_RAW	1.1547005383792515	0.9960724548856286	63.48360318547809	NaN	{3}{3}
57	0	DEMO_1_RAW	0.9076879136142665	0.7471616455538298	40.48576841538296	0.7790197165576025	{3}{4}
58	0	DEMO_1_RAW	921.4914252733388	-0.09582703285344087	-22.104853204994868	0.6636745911309643	{3}{5}
59	0	DEMO_1_RAW	1.1181350066060487	0.6419129607384015	69.71740072446124	0.6323983928676093	{3}{6}
60	0	DEMO_1_RAW	1.1545877080418396	0.9118182293973076	46.752914750888664	0.6124322788641491	{3}{7}
61	0	DEMO_1_RAW	90.14274511365026	-0.04523523101717045	-1.3863455326059824	0.7028448812621744	{3}{8}
62	0	DEMO_1_RAW	1.1161594128215009	0.6936578644068424	19.457229981676956	0.6335177332770743	{3}{9}
63	0	DEMO_1_RAW	0.7064934185048087	0.6783189011666136	106.34718461226834	1.0008681789039688	{3}{10}
64	0	DEMO_1_RAW	0.7435080896625584	0.20169183843575336	6.171432184625881	0.9510411399927987	{3}{11}
65	0	DEMO_1_RAW	1.1523400256458993	0.733344496893774	60.432150755710445	0.6136268509731064	{3}{12}
66	0	DEMO_1_RAW	1.1508875657459718	0.7036206400083773	31.173685045842035	0.614401269274485	{3}{13}
67	0	DEMO_1_RAW	0.84111335130693	0.29627101771990294	76.80866102771536	0.840679535151671	{3}{14}
68	0	DEMO_1_RAW	0.962070997491889	0.7240170628882309	70.54952768672108	0.7349839908176209	{3}{15}
69	0	DEMO_1_RAW	0.964969892218583	0.08341665644674066	3.1507897037997914	0.7327760035712756	{3}{16}
70	0	DEMO_1_RAW	1.126325661463615	0.7093571414895512	58.85553699921653	0.6277995835306035	{3}{17}
71	0	DEMO_1_RAW	0.9986901912628471	0.567088568857185	26.344633180288486	0.7080341705293761	{3}{18}
72	0	DEMO_1_RAW	1.031625906347109	0.7736929089253375	104.7343909497297	0.6854294534831397	{3}{19}
73	0	DEMO_1_RAW	0.823639825385269	0.03454382252474829	2.050883481553979	0.8585145586613523	{3}{20}
74	0	DEMO_1_RAW	0.7530461231113412	0.2949515908561167	20.275404038167046	0.9389953144768669	{3}{21}
75	0	DEMO_1_RAW	0.6219568771807482	0.813893718035284	59.53703561502794	1.136906443404522	{3}{22}
76	0	DEMO_1_RAW	0.690169226394681	0.08187299758463604	8.361816588658867	1.0245411619992755	{3}{23}
77	0	DEMO_1_RAW	1.056459879465593	0.7703222847210834	45.15301601895394	0.6693172120688912	{3}{24}
78	0	DEMO_1_RAW	0.8641238087252707	0.22172878153320671	14.096929956268147	0.8182933672776012	{3}{25}
79	0	DEMO_1_RAW	0.8988175440161116	0.7595051500900717	88.31892249117541	0.7867078094928027	{3}{26}
80	0	DEMO_1_RAW	0.9344504457790508	0.6716206115759298	151.4668642900317	0.7567086990868389	{3}{27}
81	0	DEMO_1_RAW	0.9344504457790508	0.6716206115759298	36.07366353226432	0.7567086990868389	{3}{28}
82	0	DEMO_1_RAW	1.1547005383792517	0.9956743681525453	42.88286416890873	NaN	{4}{4}
83	0	DEMO_1_RAW	2653.5546961235473	-0.1551532834706303	-6.549232398689183	0.6237989993794251	{4}{5}
84	0	DEMO_1_RAW	1.0148931996257426	0.6663142997662981	76.45845706646341	0.6967302386569385	{4}{6}
85	0	DEMO_1_RAW	1.0107669363941938	0.7561571338314449	28.305670836404065	0.6995745069670649	{4}{7}
86	0	DEMO_1_RAW	179.25505051968932	-0.18781827713231605	-41.64884347344199	0.7169375549068879	{4}{8}
87	0	DEMO_1_RAW	1.0496410025240892	0.7784892620368032	17.568258335311143	0.6736653574757047	{4}{9}
88	0	DEMO_1_RAW	1.147467023620937	0.6507122856602	22.07486405813595	0.6162327688992818	{4}{10}
89	0	DEMO_1_RAW	1.0028187620558613	0.07189305450274455	1.85356463420391	0.7051192178902997	{4}{11}
90	0	DEMO_1_RAW	1.029825750531406	0.9105933504227418	124.64886103575057	0.6866275977481331	{4}{12}
91	0	DEMO_1_RAW	1.055569344284465	0.7084335927793863	36.62379092618666	0.6698818841370119	{4}{13}
92	0	DEMO_1_RAW	0.9879534257987592	0.11055098125484963	50.44518708650261	0.7157288620309733	{4}{14}
93	0	DEMO_1_RAW	1.0019880130230083	0.6771239301176203	22.878264164005838	0.705703832776504	{4}{15}
94	0	DEMO_1_RAW	1.1537303563418964	0.007028094855683936	1.3625811373097834	0.6128873850806466	{4}{16}
95	0	DEMO_1_RAW	1.0542398309647474	0.772889056177469	55.620735274571175	0.6707266794686231	{4}{17}
96	0	DEMO_1_RAW	1.0094997959943122	0.29785721159868517	14.509002841725724	0.7004526241534282	{4}{18}
97	0	DEMO_1_RAW	1.0475466472004045	0.7819213890262942	35.273477425462474	0.6750122136100656	{4}{19}
98	0	DEMO_1_RAW	423.76714991338565	-0.10856298441504647	-8.189834303901407	0.7282813397324043	{4}{20}
99	0	DEMO_1_RAW	1.1484842744491823	0.25125028540902195	8.790985271710563	0.6156869509796318	{4}{21}
100	0	DEMO_1_RAW	1.0151163079663825	0.6844400987132913	82.54291155471863	0.6965771071130941	{4}{22}
101	0	DEMO_1_RAW	633.6322300471701	-0.07804295846468275	-6.0909570809390665	0.7008090883981336	{4}{23}
102	0	DEMO_1_RAW	1.015894802492614	0.8823708273729427	64.52011761751889	0.6960433102439604	{4}{24}
103	0	DEMO_1_RAW	1.0167580540414674	0.17117168921809486	43.482417179695005	0.695452353070526	{4}{25}
104	0	DEMO_1_RAW	1.0095794037095838	0.7541681449623769	50.73963702441521	0.7003973918132871	{4}{26}
105	0	DEMO_1_RAW	0.9750518714339894	0.6420207786680892	48.57215844267432	0.7251991426329141	{4}{27}
106	0	DEMO_1_RAW	0.9750518714339894	0.6420207786680892	57.83622120230988	0.7251991426329141	{4}{28}
107	0	DEMO_1_RAW	1.1547005383791955	0.9977104063245571	43.512774955267645	NaN	{5}{5}
108	0	DEMO_1_RAW	0.9646112859087982	0.31480969927868874	21.384551324709633	0.7330484222153325	{5}{6}
109	0	DEMO_1_RAW	132.1719476266306	-0.024868632340152786	-2.655085313483472	1.1734049910088853	{5}{7}
110	0	DEMO_1_RAW	1.0082335534661366	0.5687698544327666	26.66288759811333	0.7013323239993688	{5}{8}
111	0	DEMO_1_RAW	173.55348099010016	-0.07705781059535396	-3.0897044251185144	0.7452866251783843	{5}{9}
112	0	DEMO_1_RAW	9882.921479376024	-0.3421301915066563	-13.540774100101235	0.6139906837451424	{5}{10}
113	0	DEMO_1_RAW	513.57412399998	-0.21628053432242017	-20.744246500166884	0.7238136360243927	{5}{11}
114	0	DEMO_1_RAW	1751.1642432616059	-0.23133966278085977	-14.93174518746424	0.834816137291185	{5}{12}
115	0	DEMO_1_RAW	1139.977922900653	-0.16571291824564427	-14.517943789898961	0.9525560567458209	{5}{13}
116	0	DEMO_1_RAW	0.7699590314573961	0.34922887817681253	32.55595950856056	0.918369357715303	{5}{14}
117	0	DEMO_1_RAW	131.12190223394396	-0.1105021672458318	-18.465372805680733	0.7414524488915849	{5}{15}
118	0	DEMO_1_RAW	408.85308962427564	-0.23252242326882475	-28.228697250420854	0.6997609519562624	{5}{16}
119	0	DEMO_1_RAW	0.8243423606190703	0.08159982169517294	8.214081843405593	0.8577829006088409	{5}{17}
120	0	DEMO_1_RAW	687.6900625693999	-0.41394383177845956	-20.22102554173816	0.7922707775601057	{5}{18}
121	0	DEMO_1_RAW	14714.873795379794	-0.20092698776522422	-27.01325280999846	0.631468564545937	{5}{19}
122	0	DEMO_1_RAW	0.973999325580252	0.12552049124204412	4.001375022407267	0.7259828242337875	{5}{20}
123	0	DEMO_1_RAW	85.64829737074142	-0.06268219900546254	-3.634196984092152	0.7516309112310748	{5}{21}
124	0	DEMO_1_RAW	0.9421047377894776	0.053775593961073516	3.5837604405701904	0.7505606890860921	{5}{22}
125	0	DEMO_1_RAW	0.878169037099309	0.21051239282527023	13.14358409390797	0.8052057762389208	{5}{23}
126	0	DEMO_1_RAW	2510.332206348036	-0.2230441549710123	-18.52000661583139	0.6244782291574612	{5}{24}
127	0	DEMO_1_RAW	0.9582638089164821	0.27557474509630103	21.3623123273718	0.7379040871699827	{5}{25}
128	0	DEMO_1_RAW	1.0376032825534973	0.01780260517646438	1.5372869094072503	0.6814808637135408	{5}{26}
129	0	DEMO_1_RAW	1.113785567386791	0.09861539857712208	10.616507501690059	0.6348679691061556	{5}{27}
130	0	DEMO_1_RAW	1.113785567386791	0.09861539857712208	5.734815727807675	0.6348679691061556	{5}{28}
131	0	DEMO_1_RAW	1.1547005383791757	0.9974593446094916	86.91555166035023	NaN	{6}{6}
132	0	DEMO_1_RAW	1.1213256784393968	0.7699179580483075	30.93175322286011	0.6305989372958211	{6}{7}
133	0	DEMO_1_RAW	1.1162170956136177	0.48251915120331684	76.01791276533011	0.6334849949578587	{6}{8}
134	0	DEMO_1_RAW	0.9754314679278981	0.5643324179135037	28.569029185531047	0.7249169259308902	{6}{9}
135	0	DEMO_1_RAW	0.6936383979898355	0.16673116745551175	5.678741147312491	1.0194170092597639	{6}{10}
136	0	DEMO_1_RAW	0.9495751651186826	0.2011311267546516	22.57142049916353	0.7446559336860684	{6}{11}
137	0	DEMO_1_RAW	0.9669239762149527	0.539602766261675	37.79822767137147	0.7312951158315921	{6}{12}
138	0	DEMO_1_RAW	0.6302038957865773	0.3336379540828677	9.372350490560923	1.122028578233304	{6}{13}
139	0	DEMO_1_RAW	0.6831522816042757	0.5672494503192099	38.2005229275673	1.0350646557544585	{6}{14}
140	0	DEMO_1_RAW	0.6376774842182719	0.7357797238199765	42.00366248671018	1.108878388662932	{6}{15}
141	0	DEMO_1_RAW	1.0174178354492274	0.19736244041965068	6.8977720393753055	0.6950013618292393	{6}{16}
142	0	DEMO_1_RAW	0.7203652237075288	0.5049177148925215	23.72373857143463	0.9815948326146141	{6}{17}
143	0	DEMO_1_RAW	0.7547491108934984	0.3251810674551513	32.44077123408666	0.9368766004235021	{6}{18}
144	0	DEMO_1_RAW	1.0918046265162957	0.3732818657459258	62.44653667312003	0.6476495556195259	{6}{19}
145	0	DEMO_1_RAW	0.9181867806656584	0.38344356225597187	45.75014552324206	0.7701121341279995	{6}{20}
146	0	DEMO_1_RAW	1.1519868294364815	0.5310097060458505	31.799260065299066	0.6138149873908071	{6}{21}
147	0	DEMO_1_RAW	0.65647446128455	0.7794886320445851	89.8517553740394	1.0771276308342475	{6}{22}
148	0	DEMO_1_RAW	0.9813067121752965	0.4263105925033707	56.423143008864834	0.7205767293889248	{6}{23}
149	0	DEMO_1_RAW	1.1546490745833806	0.5076660880467041	172.36963947508497	0.6123997297115447	{6}{24}
150	0	DEMO_1_RAW	0.6974123487904627	0.6887596422865429	19.53703385235876	1.0139005746212895	{6}{25}
151	0	DEMO_1_RAW	0.5830370919835521	0.5011534789739038	28.1117321031036	1.2127989640948293	{6}{26}
152	0	DEMO_1_RAW	0.8015517664760193	0.8517940175211648	22.841672266076422	0.8821723196934688	{6}{27}
153	0	DEMO_1_RAW	0.8015517664760193	0.8517940175211648	89.04836588474461	0.8821723196934688	{6}{28}
154	0	DEMO_1_RAW	1.1547005383792313	0.9968257631187852	205.62671338683512	NaN	{7}{7}
155	0	DEMO_1_RAW	1.0184182971146603	0.14085709425659718	5.369145625483083	0.6943186146497132	{7}{8}
156	0	DEMO_1_RAW	0.6682015187678931	0.6252486773161456	33.46469793970657	1.0582238461390994	{7}{9}
157	0	DEMO_1_RAW	0.7511423275279137	0.48807807864167235	27.281905184604295	0.9413752297966064	{7}{10}
158	0	DEMO_1_RAW	0.943422272421563	0.26344312621933563	27.16528775564711	0.7495124949420112	{7}{11}
159	0	DEMO_1_RAW	0.9784218582825681	0.7008107463336194	69.12409454541485	0.7227013329687235	{7}{12}
160	0	DEMO_1_RAW	0.6111597162009865	0.5590513382677674	25.877417004291413	1.1569918017207923	{7}{13}
161	0	DEMO_1_RAW	0.7990093016902218	0.4302520530302325	47.34543693706834	0.8849794109915398	{7}{14}
162	0	DEMO_1_RAW	1.0018698796998458	0.781006800717588	176.57000089443903	0.7057870443199595	{7}{15}
163	0	DEMO_1_RAW	1.1136097994233431	0.1812721851158733	13.833738159906044	0.6349681742677787	{7}{16}
164	0	DEMO_1_RAW	0.9551723460022858	0.582191168803828	19.44441176619528	0.7402923505333572	{7}{17}
165	0	DEMO_1_RAW	0.7670794215409924	0.5860055486939677	38.11062847618408	0.9218169088228045	{7}{18}
166	0	DEMO_1_RAW	1.1520981084340711	0.6330390013001967	21.85944153662121	0.613755700152095	{7}{19}
167	0	DEMO_1_RAW	0.8913196113518391	0.21034514340878036	26.746176483844422	0.7933257298289429	{7}{20}
168	0	DEMO_1_RAW	0.728854269775025	0.4146031431545641	24.81851623502	0.9701620893361488	{7}{21}
169	0	DEMO_1_RAW	0.665796760886857	0.8718208525117842	33.691590729731196	1.0620459916997262	{7}{22}
170	0	DEMO_1_RAW	0.6475297738261504	0.22329846906219544	52.23360105582135	1.0920065914627617	{7}{23}
171	0	DEMO_1_RAW	1.0915395710721227	0.7029051036064261	66.2857978367463	0.6478068225157222	{7}{24}
172	0	DEMO_1_RAW	0.8307142615673605	0.42868365201465525	22.16051616056875	0.8512033726885285	{7}{25}
173	0	DEMO_1_RAW	0.58937882718305	0.6812457615917432	120.87901848298368	1.19974920810476	{7}{26}
174	0	DEMO_1_RAW	0.9017590480200973	0.782366774162137	39.29863742369388	0.7841415982895935	{7}{27}
175	0	DEMO_1_RAW	0.9017590480200973	0.782366774162137	53.20042711041126	0.7841415982895935	{7}{28}
176	0	DEMO_1_RAW	1.1547005383792515	0.9967597711093229	49.05135397076347	NaN	{8}{8}
177	0	DEMO_1_RAW	1628.6655862086511	-0.26885128909980266	-31.97844241828457	0.6649853420547762	{8}{9}
178	0	DEMO_1_RAW	6510.5390403880365	-0.6306924384276209	-47.5143895403863	0.9479212708132869	{8}{10}
179	0	DEMO_1_RAW	0.9705415468835379	0.08845312307995423	8.869047772081663	0.7285693059273003	{8}{11}
180	0	DEMO_1_RAW	747.8222837267562	-0.3666851964397216	-12.195722227338692	1.0983971504611607	{8}{12}
181	0	DEMO_1_RAW	3238.1083131323608	-0.4787992931459283	-15.727982980711523	1.1580575603769148	{8}{13}
182	0	DEMO_1_RAW	0.5834679718929839	0.6249979154527001	63.90954193867614	1.211903335314998	{8}{14}
183	0	DEMO_1_RAW	0.8452799865135009	0.11483482133850892	4.606699273825615	0.836535576931276	{8}{15}
184	0	DEMO_1_RAW	1.0565348388417293	0.2549205444219867	39.1059582111752	0.6692697251343762	{8}{16}
185	0	DEMO_1_RAW	520.0008170836386	-0.31407251942686104	-22.850883135701896	1.155074527121535	{8}{17}
186	0	DEMO_1_RAW	0.7591384018116322	0.05313980858157392	0.9545307610746291	0.931459638320345	{8}{18}
187	0	DEMO_1_RAW	1922.3496351276574	-0.497188953531452	-41.456757287163086	0.8168995153025047	{8}{19}
188	0	DEMO_1_RAW	0.9047799489145316	0.6083556371142574	117.55161294832376	0.7815234876002811	{8}{20}
189	0	DEMO_1_RAW	0.7725493139402944	0.3454112136387445	19.52812085058278	0.9152901548511317	{8}{21}
190	0	DEMO_1_RAW	0.7174573179015968	0.17477386129566186	6.3527474417979235	0.98557330665283	{8}{22}
191	0	DEMO_1_RAW	0.7367191596345043	0.6270378607501642	221.10540077195608	0.9598050653892032	{8}{23}
192	0	DEMO_1_RAW	797.6960114814808	-0.3653180022468659	-17.288984155856088	0.9791950970416088	{8}{24}
193	0	DEMO_1_RAW	1.0934738120952143	0.696228132073457	136.85704423785987	0.6466609198726578	{8}{25}
194	0	DEMO_1_RAW	391.2524409598284	-0.27064199623294793	-100.32700634719359	0.8327434823847744	{8}{26}
195	0	DEMO_1_RAW	0.9718311850377683	0.3926146652690635	29.083671043523648	0.727602480835229	{8}{27}
196	0	DEMO_1_RAW	0.9718311850377683	0.3926146652690635	73.98051680502513	0.727602480835229	{8}{28}
197	0	DEMO_1_RAW	1.1547005383791835	0.9971706058345354	81.65885312549992	NaN	{9}{9}
198	0	DEMO_1_RAW	1.0939446135176873	0.6906422108725562	295.41287144604996	0.6463826161299592	{9}{10}
199	0	DEMO_1_RAW	0.6423309804553737	0.20475955105368296	8.590379316935087	1.1008448957035384	{9}{11}
200	0	DEMO_1_RAW	0.6967305797970844	0.7935088561880439	111.64540064911434	1.0148927027035783	{9}{12}
201	0	DEMO_1_RAW	0.6472062389935199	0.8337074432356465	51.24353042564457	1.0925524795407269	{9}{13}
202	0	DEMO_1_RAW	227.0529762302333	-0.05637559735198843	-4.105958310425671	1.1778762992301461	{9}{14}
203	0	DEMO_1_RAW	0.8462588252137296	0.69071929455283	21.888150511926245	0.8355679847804978	{9}{15}
204	0	DEMO_1_RAW	1.0570874317580383	0.12385217825220214	7.757963425520591	0.6689198640935718	{9}{16}
205	0	DEMO_1_RAW	0.8864998082671137	0.7487007137933771	48.21522335735585	0.7976389555783928	{9}{17}
206	0	DEMO_1_RAW	0.8244019644701795	0.35288566078632444	20.626381650901003	0.8577208833326659	{9}{18}
207	0	DEMO_1_RAW	0.9017047921096687	0.758441857544421	20.939644997143052	0.7841887803791849	{9}{19}
208	0	DEMO_1_RAW	147.12100439955077	-0.014425053483102208	-1.1326039909190149	1.142134696616708	{9}{20}
209	0	DEMO_1_RAW	0.5861464682989845	0.31621038552419295	16.90355725396497	1.2063653360202395	{9}{21}
210	0	DEMO_1_RAW	0.8275685940951089	0.6794635675215446	95.04492592873697	0.854438878217366	{9}{22}
211	0	DEMO_1_RAW	1.5779712097844942	-0.00151260738561306	-4.232606536735883	0.8684609515612158	{9}{23}
212	0	DEMO_1_RAW	0.7349255903512752	0.7532573079591703	84.72990168591201	0.9621474479458766	{9}{24}
213	0	DEMO_1_RAW	0.8344342190551041	0.1554175047563059	7.512774058703304	0.8474086573142465	{9}{25}
214	0	DEMO_1_RAW	0.7258756969973553	0.629423941872345	29.54787151108698	0.9741430717567113	{9}{26}
215	0	DEMO_1_RAW	0.9729591141084493	0.5603386835253479	22.418523404481117	0.7267589880533363	{9}{27}
216	0	DEMO_1_RAW	0.9729591141084493	0.5603386835253479	125.67838388699995	0.7267589880533363	{9}{28}
217	0	DEMO_1_RAW	1.1547005383792177	0.9980981710725917	36.461974249012286	NaN	{10}{10}
218	0	DEMO_1_RAW	434.41500974932745	-0.02796155997108078	-2.202118296484622	1.1775598609081945	{10}{11}
219	0	DEMO_1_RAW	0.944856522500644	0.7764133156854119	55.87136256223426	0.7483747683883754	{10}{12}
220	0	DEMO_1_RAW	1.0973954633524918	0.8452370149096832	71.16915716317152	0.6443500130995341	{10}{13}
221	0	DEMO_1_RAW	1112.1285533897403	-0.25220042377705026	-34.33664158871803	1.0134710904362387	{10}{14}
222	0	DEMO_1_RAW	0.83670752188299	0.3860879572562182	13.884685822672308	0.8451062799044494	{10}{15}
223	0	DEMO_1_RAW	531.2069363048915	-0.19300725396685992	-5.220856286080626	0.7082997691285665	{10}{16}
224	0	DEMO_1_RAW	1.1071106348624227	0.8058615364899172	34.034016484458064	0.6386956812808582	{10}{17}
225	0	DEMO_1_RAW	0.6368517357463378	0.2056624194776726	10.578790788671359	1.1103161717191463	{10}{18}
226	0	DEMO_1_RAW	1.1476499680130923	0.9387696888203353	74.61552009365018	0.6161345365696784	{10}{19}
227	0	DEMO_1_RAW	1670.578319618323	-0.4648787200936461	-38.52986350971985	0.8023125982098216	{10}{20}
228	0	DEMO_1_RAW	385.31025090037275	-0.07363699855474623	-4.501054418658863	1.151410556467369	{10}{21}
229	0	DEMO_1_RAW	0.9565740717124744	0.42811948724765003	23.962626741541246	0.7392075554804381	{10}{22}
230	0	DEMO_1_RAW	1359.4799038306269	-0.457792755444532	-24.9809878629481	0.6797400381390156	{10}{23}
231	0	DEMO_1_RAW	1.0977479966743797	0.8304091516314578	58.58953405198056	0.6441430850511437	{10}{24}
232	0	DEMO_1_RAW	1685.8978879150602	-0.35827870804735457	-25.1768949094163	1.048563953566702	{10}{25}
233	0	DEMO_1_RAW	1.1519838249211627	0.7842517772174062	48.51602032990561	0.6138165882970963	{10}{26}
234	0	DEMO_1_RAW	1.135374912215833	0.17392951262632467	7.544637059199723	0.6227958479428931	{10}{27}
235	0	DEMO_1_RAW	1.135374912215833	0.17392951262632467	13.390604600013466	0.6227958479428931	{10}{28}
236	0	DEMO_1_RAW	1.1547005383792948	0.9955509562743756	55.68415383465347	NaN	{11}{11}
237	0	DEMO_1_RAW	0.9822839556358828	0.03563322120000933	1.4539113509317625	0.719859850229154	{11}{12}
238	0	DEMO_1_RAW	0.796135969444094	0.022805151648380602	0.49148365784927905	0.8881733878702676	{11}{13}
239	0	DEMO_1_RAW	0.9652611440863248	0.00224911877648705	0.9814115925964428	0.7325549003175349	{11}{14}
240	0	DEMO_1_RAW	0.9541751342335235	0.5205772430563828	23.78715611936199	0.7410660326571222	{11}{15}
241	0	DEMO_1_RAW	0.967270654519298	0.6162303308900211	37.62675407762941	0.7310330132345485	{11}{16}
242	0	DEMO_1_RAW	1947.8489417526375	-0.16969198236907138	-5.626040854301593	0.9361726233776153	{11}{17}
243	0	DEMO_1_RAW	0.8530771211252316	0.713129698335243	23.3653422194151	0.828889632222107	{11}{18}
244	0	DEMO_1_RAW	308.97693987958365	-0.019354198138947825	-0.5981318480116186	1.0352119092008845	{11}{19}
245	0	DEMO_1_RAW	0.8798957017045709	0.6984500991033753	81.7083659040802	0.8036256795171413	{11}{20}
246	0	DEMO_1_RAW	0.9489232950597158	0.5044480997228973	19.48423703226742	0.7451674807309365	{11}{21}
247	0	DEMO_1_RAW	0.9742814119368098	0.44927938036238463	45.47942194752011	0.725772628445065	{11}{22}
248	0	DEMO_1_RAW	0.9430890684083274	0.4290686896584202	28.530486541507095	0.7497773061667946	{11}{23}
249	0	DEMO_1_RAW	100.0373485694025	-0.0056341964944495995	2.1848776465508397	0.7642830766279167	{11}{24}
250	0	DEMO_1_RAW	0.9245739568275722	0.4181777704589837	20.221217825982706	0.7647920168688236	{11}{25}
251	0	DEMO_1_RAW	375.538125322208	-0.21163069116786162	-10.358734431827177	0.7027988407458716	{11}{26}
252	0	DEMO_1_RAW	1.0061147065886684	0.3826865416967951	21.44969934183143	0.7028093084774231	{11}{27}
253	0	DEMO_1_RAW	1.0061147065886684	0.3826865416967951	13.662830478338691	0.7028093084774231	{11}{28}
254	0	DEMO_1_RAW	1.1547005383793283	0.9983338910718063	27.156759635214577	NaN	{12}{12}
255	0	DEMO_1_RAW	0.8090162518820263	0.8274879929001125	79.80606667382406	0.8740328510602782	{12}{13}
256	0	DEMO_1_RAW	0.9641805085999183	0.014094513577564161	1.3810954183465018	0.7333759341529666	{12}{14}
257	0	DEMO_1_RAW	0.8098255121533859	0.5702977413880033	62.13774004148464	0.8731594282653535	{12}{15}
258	0	DEMO_1_RAW	543.5052919386372	-0.18270207525897042	-6.840157107236771	0.6552889892800255	{12}{16}
259	0	DEMO_1_RAW	0.7233038062803027	0.8265333407297657	173.07453038867877	0.9776068853044604	{12}{17}
260	0	DEMO_1_RAW	0.6831720504081508	0.20760254922991736	7.71466044951301	1.0350347043092545	{12}{18}
261	0	DEMO_1_RAW	1.114974632818223	0.8869497587317173	132.0162011327026	0.6341909137425966	{12}{19}
262	0	DEMO_1_RAW	3778.0545236036896	-0.2670124811399991	-14.053295420909915	0.970898142719079	{12}{20}
263	0	DEMO_1_RAW	0.780199027810889	0.08287409906629022	12.258804046215195	0.9063158963047846	{12}{21}
264	0	DEMO_1_RAW	1.0200969888220517	0.6447034454822042	79.26908251424497	0.6931760302550853	{12}{22}
265	0	DEMO_1_RAW	694.4924220390819	-0.2851768563780724	-31.319280246573268	0.7593820760423399	{12}{23}
266	0	DEMO_1_RAW	0.9627457610634425	0.9291356295033395	47.47182202234099	0.7344688595725233	{12}{24}
267	0	DEMO_1_RAW	270.9390447270328	-0.04969939244272044	-17.548066925025907	1.1787006981625727	{12}{25}
268	0	DEMO_1_RAW	0.9662779950462226	0.8305491052317732	98.42650326196492	0.7317840050292386	{12}{26}
269	0	DEMO_1_RAW	0.6608621712346209	0.4549518460057641	20.711428604311198	1.0699761795497125	{12}{27}
270	0	DEMO_1_RAW	0.6608621712346209	0.4549518460057641	11.275503758031281	1.0699761795497125	{12}{28}
271	0	DEMO_1_RAW	1.1547005383791895	0.9979332685073083	36.81334035557596	NaN	{13}{13}
272	0	DEMO_1_RAW	1179.6305853886286	-0.09540345374987068	-3.692804143528495	0.6320334073058596	{13}{14}
273	0	DEMO_1_RAW	1.1238256792863839	0.4631298744835018	24.814084792412178	0.629196141554224	{13}{15}
274	0	DEMO_1_RAW	601.7843807248486	-0.22773210284484446	-11.356599764862622	0.8613565890714441	{13}{16}
275	0	DEMO_1_RAW	0.6631674099804619	0.8246267082870636	84.781511749456	1.0662568312991332	{13}{17}
276	0	DEMO_1_RAW	0.9292544741690971	0.18931061020965212	23.396909473106287	0.7609398725992842	{13}{18}
277	0	DEMO_1_RAW	0.6765994014067854	0.890887312972473	43.647257371233	1.0450892798844622	{13}{19}
278	0	DEMO_1_RAW	1345.048839293966	-0.3430270384182271	-22.073794309882445	0.7703461687523879	{13}{20}
279	0	DEMO_1_RAW	21.581501730135493	-0.007309803192746745	-0.9968412450096288	0.9520203949730071	{13}{21}
280	0	DEMO_1_RAW	0.5852008724661919	0.556786120366325	54.36689638349498	1.208314639393157	{13}{22}
281	0	DEMO_1_RAW	582.5132963848786	-0.3283971261460692	-22.363753782317346	0.8251000846550357	{13}{23}
282	0	DEMO_1_RAW	0.8677762219215615	0.7894079846878006	155.50242775297227	0.8148492241705981	{13}{24}
283	0	DEMO_1_RAW	2258.8451084049216	-0.20785593961918533	-9.58845073569385	0.6665102969126115	{13}{25}
284	0	DEMO_1_RAW	0.8819774128071263	0.7900182039190352	59.6295769821196	0.8017289002176088	{13}{26}
285	0	DEMO_1_RAW	1.1087872400309247	0.2805081847573229	14.400067629787193	0.6377299049426525	{13}{27}
286	0	DEMO_1_RAW	1.1087872400309247	0.2805081847573229	39.97576438557995	0.6377299049426525	{13}{28}
287	0	DEMO_1_RAW	1.154700538379195	0.9977346650190027	76.76071893051913	NaN	{14}{14}
288	0	DEMO_1_RAW	0.7439398590037477	0.3077051910176215	25.22401820037428	0.9504891727854149	{14}{15}
289	0	DEMO_1_RAW	1.0128384927958451	0.006120106769951373	0.6055713728471406	0.698143668725155	{14}{16}
290	0	DEMO_1_RAW	1.1301583465184832	0.08808265925882015	4.525370173296582	0.6256705384381135	{14}{17}
291	0	DEMO_1_RAW	0.7428901628401725	0.19598835770387385	372.34296712088945	0.951832204216004	{14}{18}
292	0	DEMO_1_RAW	612.2836711574064	-0.10529654842028216	-3.120084102842818	0.6131947750108672	{14}{19}
293	0	DEMO_1_RAW	0.965568878481224	0.4160343881223697	33.14247761925927	0.7323214293099211	{14}{20}
294	0	DEMO_1_RAW	0.5932575772858552	0.3569849080802952	44.52987601105435	1.1919051829419451	{14}{21}
295	0	DEMO_1_RAW	0.8431705008580759	0.4528573630636219	30.098180641051137	0.8386284630059015	{14}{22}
296	0	DEMO_1_RAW	1.000488679113352	0.5751202520802206	19.950208465952056	0.7067614016516206	{14}{23}
297	0	DEMO_1_RAW	726.1243348647174	-0.09608092373171903	-2.9138798693919403	0.6125768259779668	{14}{24}
298	0	DEMO_1_RAW	0.661641597096079	0.6122461766414058	20.809138507009898	1.0687157281072013	{14}{25}
299	0	DEMO_1_RAW	0.8058514783497005	0.18104730041693232	9.87225896748201	0.8774653893228913	{14}{26}
300	0	DEMO_1_RAW	0.9495797962258246	0.575118705507831	44.92082712989795	0.7446523019939936	{14}{27}
301	0	DEMO_1_RAW	0.9495797962258246	0.575118705507831	15.714690668558866	0.7446523019939936	{14}{28}
302	0	DEMO_1_RAW	1.1547005383792515	0.9982644849112121	103.65911841471001	NaN	{15}{15}
303	0	DEMO_1_RAW	0.9413727278929268	0.5617261116973435	18.674296294227805	0.7511443238527459	{15}{16}
304	0	DEMO_1_RAW	0.5985736387239969	0.4254764888008195	63.88203697870602	1.1813196162362163	{15}{17}
305	0	DEMO_1_RAW	0.7049138044553559	0.7575537816880183	74.69008841482261	1.0031109856514813	{15}{18}
306	0	DEMO_1_RAW	1.1539163999612574	0.4605149139253587	104.73113780873994	0.612788570480746	{15}{19}
307	0	DEMO_1_RAW	0.6161764467105746	0.5096790650997286	76.5990264894204	1.1475719089257712	{15}{20}
308	0	DEMO_1_RAW	0.65028478145353	0.7594718190213333	53.93527882882687	1.0873801776600214	{15}{21}
309	0	DEMO_1_RAW	1.071144353931118	0.8505262186879686	105.94033225842902	0.6601414446071447	{15}{22}
310	0	DEMO_1_RAW	0.8587436010419922	0.5172111089158441	20.693764688887768	0.8234201458136171	{15}{23}
311	0	DEMO_1_RAW	1.033959139952979	0.5097087894997565	38.19964536993175	0.6838827124430669	{15}{24}
312	0	DEMO_1_RAW	0.6421725112208931	0.6369887991861358	49.21383544269074	1.1011165517537935	{15}{25}
313	0	DEMO_1_RAW	0.7675889449571899	0.37522523635405003	52.917083907868154	0.9212050093113111	{15}{26}
314	0	DEMO_1_RAW	0.9681662361902549	0.8836056967274541	62.72076727158974	0.7303567866289375	{15}{27}
315	0	DEMO_1_RAW	0.9681662361902549	0.8836056967274541	193.83877202835058	0.7303567866289375	{15}{28}
316	0	DEMO_1_RAW	1.1547005383793476	0.9986652501356295	126.65428578818869	NaN	{16}{16}
317	0	DEMO_1_RAW	1594.5215249735518	-0.35130590026974207	-18.622244305002244	1.1202900854286328	{16}{17}
318	0	DEMO_1_RAW	0.9502966592605209	0.7330925703399598	25.837004430853995	0.7440905682408553	{16}{18}
319	0	DEMO_1_RAW	1031.507316277513	-0.27903099335742826	-14.310407791967705	0.8649372943079	{16}{19}
320	0	DEMO_1_RAW	0.8509187122234717	0.7724298063889876	43.11326100900392	0.8309921629752475	{16}{20}
321	0	DEMO_1_RAW	0.6608835824326481	0.7684643737980811	34.72813175650032	1.069941514636748	{16}{21}
322	0	DEMO_1_RAW	1.114178194969115	0.26546955752251566	43.27279503077243	0.6346442466558488	{16}{22}
323	0	DEMO_1_RAW	0.9758143836479745	0.7244737467535216	74.17339769097846	0.7246324639561821	{16}{23}
324	0	DEMO_1_RAW	2411.7891898096677	-0.18477291671972582	-6.167402429381814	0.7433444748251404	{16}{24}
325	0	DEMO_1_RAW	0.9767931735962851	0.6469325280624918	82.61652032676858	0.723906350187832	{16}{25}
326	0	DEMO_1_RAW	2951.986220936276	-0.45289798512171553	-27.118684126921924	0.9260238089505094	{16}{26}
327	0	DEMO_1_RAW	0.9598567967490291	0.4889013034829342	20.0908176338831	0.736679454249291	{16}{27}
328	0	DEMO_1_RAW	0.9598567967490291	0.4889013034829342	34.2375352792421	0.736679454249291	{16}{28}
329	0	DEMO_1_RAW	1.1547005383791795	0.9973321530390308	53.17618846303695	NaN	{17}{17}
330	0	DEMO_1_RAW	0.9159575247959535	0.004621056221925797	0.37148650291757856	0.7719864317333589	{17}{18}
331	0	DEMO_1_RAW	1.0859021543665353	0.9030422464056027	23.445057016432614	0.6511698851901078	{17}{19}
332	0	DEMO_1_RAW	6057.702692334345	-0.3940022701536327	-19.47573486505751	0.6684309596186975	{17}{20}
333	0	DEMO_1_RAW	138.4434343460307	-0.06970233913857815	-9.885940883998598	0.9812198752133379	{17}{21}
334	0	DEMO_1_RAW	0.6960003362575652	0.5638171847185698	31.703372484394205	1.0159575281078996	{17}{22}
335	0	DEMO_1_RAW	1322.873955935216	-0.309376686894752	-9.872436331637608	1.0440957246375786	{17}{23}
336	0	DEMO_1_RAW	0.8607266886528652	0.8409172344144737	49.08614944254345	0.821523011321108	{17}{24}
337	0	DEMO_1_RAW	305.3506307085301	-0.13166464858668867	-5.099003272311902	1.047471039680871	{17}{25}
338	0	DEMO_1_RAW	1.1071415126373323	0.9105010375296028	112.41435958125652	0.6386778682901548	{17}{26}
339	0	DEMO_1_RAW	0.7035983823729159	0.38035303336365794	38.611197607314764	1.004986365661799	{17}{27}
340	0	DEMO_1_RAW	0.7035983823729159	0.38035303336365794	17.263769658775892	1.004986365661799	{17}{28}
341	0	DEMO_1_RAW	1.1547005383792226	0.9977861514885449	26.09297200981813	NaN	{18}{18}
342	0	DEMO_1_RAW	0.9606236396196767	0.1782280329323519	71.89133104360657	0.7360913806644404	{18}{19}
343	0	DEMO_1_RAW	0.8379156533481041	0.6014239278867435	100.71817964936628	0.8438877807821389	{18}{20}
344	0	DEMO_1_RAW	0.8570537208329078	0.6859111366903564	54.50059716005318	0.8250437096280993	{18}{21}
345	0	DEMO_1_RAW	0.6965385605261528	0.6146592031749905	94.77401181099128	1.0151724847112722	{18}{22}
346	0	DEMO_1_RAW	0.8226295929634498	0.5520230395877677	43.80869894631796	0.8595688597090613	{18}{23}
347	0	DEMO_1_RAW	1.131811230110106	0.19745373086343063	9.053923496505469	0.6247568166627288	{18}{24}
348	0	DEMO_1_RAW	0.8713025142842385	0.5126432345891324	56.256208023958564	0.8115514067664831	{18}{25}
349	0	DEMO_1_RAW	0.8094806783135734	0.02560948061465622	1.074774631817731	0.873531388864886	{18}{26}
350	0	DEMO_1_RAW	1.0029763450557674	0.6382006180751595	73.16147714783452	0.7050084328232398	{18}{27}
351	0	DEMO_1_RAW	1.0029763450557674	0.6382006180751595	38.88535451018277	0.7050084328232398	{18}{28}
352	0	DEMO_1_RAW	1.154700538379165	0.9985167474037533	43.7016868251612	NaN	{19}{19}
353	0	DEMO_1_RAW	2531.5087292881717	-0.43448528260035685	-23.111765965289273	0.8669682536280389	{19}{20}
354	0	DEMO_1_RAW	479.823747393679	-0.07949081837937248	-19.14567602672093	0.7481626877829991	{19}{21}
355	0	DEMO_1_RAW	1.152135073016876	0.5652059621643184	17.49742263148681	0.6137360086896436	{19}{22}
356	0	DEMO_1_RAW	1399.079893853602	-0.43283019971045267	-57.175550026658414	0.788744421119581	{19}{23}
357	0	DEMO_1_RAW	1.0653219300271133	0.9297470720339124	70.11747419775922	0.6637493899786857	{19}{24}
358	0	DEMO_1_RAW	2416.2857651750464	-0.26071583753115973	-18.358719808674973	0.6174105439539611	{19}{25}
359	0	DEMO_1_RAW	1.063931000465721	0.908418076467835	84.62859432676177	0.6646171423494769	{19}{26}
360	0	DEMO_1_RAW	0.685446556403944	0.2973566289051335	59.32061631423842	1.031600165731723	{19}{27}
361	0	DEMO_1_RAW	0.685446556403944	0.2973566289051335	27.980948384715745	1.031600165731723	{19}{28}
362	0	DEMO_1_RAW	1.1547005383792	0.9987549022026836	59.24832033324805	NaN	{20}{20}
363	0	DEMO_1_RAW	0.9118491676064175	0.7582375137484887	21.483243546952476	0.7754646341815089	{20}{21}
364	0	DEMO_1_RAW	0.9489239860098255	0.4126800784786325	57.1572522863879	0.7451669381442171	{20}{22}
365	0	DEMO_1_RAW	0.8389862609927451	0.8784439031510717	57.732657302445446	0.842810918440918	{20}{23}
366	0	DEMO_1_RAW	4902.197113288578	-0.3604524348768098	-32.7906636745247	0.7139947961927897	{20}{24}
367	0	DEMO_1_RAW	0.9012003965163932	0.8410441701921627	56.35721876671335	0.7846276853847133	{20}{25}
368	0	DEMO_1_RAW	908.8202673163154	-0.44797636709874056	-24.735905409037578	0.6695919255565096	{20}{26}
369	0	DEMO_1_RAW	1.066675983693919	0.5780327772354092	472.6388844029283	0.662906817061563	{20}{27}
370	0	DEMO_1_RAW	1.066675983693919	0.5780327772354092	19.873176174066092	0.662906817061563	{20}{28}
371	0	DEMO_1_RAW	1.1547005383792766	0.9974505066285295	78.84833266321807	NaN	{21}{21}
372	0	DEMO_1_RAW	0.7197592994881249	0.5441529472720127	24.114100221768513	0.9824211812052788	{21}{22}
373	0	DEMO_1_RAW	1.1389479690560704	0.8165429846865315	84.50316002184023	0.6208420405478037	{21}{23}
374	0	DEMO_1_RAW	93.95500815605965	-0.019625163310521082	-0.8054339148285005	1.0111114333935536	{21}{24}
375	0	DEMO_1_RAW	0.890327653191957	0.8173702297856154	49.2443210980288	0.7942096133391323	{21}{25}
376	0	DEMO_1_RAW	482.24507158438803	-0.11391577141070443	-3.6206057667001392	0.926066327070448	{21}{26}
377	0	DEMO_1_RAW	1.0355209198160449	0.7570083729742939	46.78001986796153	0.6828512757735127	{21}{27}
378	0	DEMO_1_RAW	1.0355209198160449	0.7570083729742939	36.21762213875605	0.6828512757735127	{21}{28}
379	0	DEMO_1_RAW	1.154700538379226	0.9974788521771613	72.91018805164173	NaN	{22}{22}
380	0	DEMO_1_RAW	0.8662351956387084	0.37677106104043767	57.44856158516737	0.8162988351739399	{22}{23}
381	0	DEMO_1_RAW	0.7660486052348388	0.5671717367374681	42.37180429639183	0.923057331289962	{22}{24}
382	0	DEMO_1_RAW	0.8206004828631285	0.5102652262165042	98.26461951050587	0.8616943274509873	{22}{25}
383	0	DEMO_1_RAW	0.743577089203893	0.5767020407672918	29.44149694328339	0.9509528890186227	{22}{26}
384	0	DEMO_1_RAW	0.9668047643270679	0.83228304492821	108.10934779529808	0.7313852881959267	{22}{27}
385	0	DEMO_1_RAW	0.9668047643270679	0.83228304492821	63.62420814623008	0.7313852881959267	{22}{28}
386	0	DEMO_1_RAW	1.1547005383793842	0.9985503879915474	112.54506974039514	NaN	{23}{23}
387	0	DEMO_1_RAW	1325.2796759649195	-0.3875602200674331	-22.30405004327467	0.6609788322476111	{23}{24}
388	0	DEMO_1_RAW	1.077928761974177	0.8869684535974326	49.76425738515034	0.6559865606438721	{23}{25}
389	0	DEMO_1_RAW	2242.6903274379843	-0.3743434779812032	-41.191521971314124	0.6785761253498976	{23}{26}
390	0	DEMO_1_RAW	1.0927250705144382	0.6544125626134532	50.718350351340604	0.647104015700395	{23}{27}
391	0	DEMO_1_RAW	1.0927250705144382	0.6544125626134532	48.915958803016174	0.647104015700395	{23}{28}
392	0	DEMO_1_RAW	1.1547005383792517	0.9979035938470217	85.20758546584162	NaN	{24}{24}
393	0	DEMO_1_RAW	704.2507939407649	-0.12147689027703155	-12.978649770951183	1.1282987918677319	{24}{25}
394	0	DEMO_1_RAW	1.0616682932250143	0.8605038187893956	37.04872344453583	0.6660336243429504	{24}{26}
395	0	DEMO_1_RAW	0.7704489969625979	0.3924449064608124	33.565925079255656	0.917785322551139	{24}{27}
396	0	DEMO_1_RAW	0.7704489969625979	0.3924449064608124	21.709433123643475	0.917785322551139	{24}{28}
397	0	DEMO_1_RAW	1.1547005383790707	0.9989359487287099	98.0795606070197	NaN	{25}{25}
398	0	DEMO_1_RAW	400.64608502904997	-0.1619283997205882	-13.943089451431817	0.8373427644497996	{25}{26}
399	0	DEMO_1_RAW	0.9870529533145095	0.7991161921657775	33.481727483564114	0.7163818099242734	{25}{27}
400	0	DEMO_1_RAW	0.9870529533145095	0.7991161921657775	47.93572363098107	0.7163818099242734	{25}{28}
401	0	DEMO_1_RAW	1.154700538379156	0.9979852095039763	102.38531509402833	NaN	{26}{26}
402	0	DEMO_1_RAW	1.1308353652801675	0.34480125237890563	34.15785364638626	0.6252959563316804	{26}{27}
403	0	DEMO_1_RAW	1.1308353652801675	0.34480125237890563	29.540899007785956	0.6252959563316804	{26}{28}
404	0	DEMO_1_RAW	1.1547005383791795	0.9973265817677189	381.4045728374726	NaN	{27}{27}
405	0	DEMO_1_RAW	1.1547005383791795	0.9973265817677189	39.63094817916005	NaN	{27}{28}
406	0	DEMO_1_RAW	1.1547005383791795	0.9973265817677189	545.7531779351522	NaN	{28}{28}
407	0	DEMO_1_SHUFFLE	2.8884631223012596	-0.023809666443939014	-1.4236133404503513	0.6222101368155774	{1}{1}
408	0	DEMO_1_SHUFFLE	2.728249541627178	-0.007897968354292864	-0.5244336431469285	0.6152274935233467	{1}{2}
409	0	DEMO_1_SHUFFLE	1.0898976120436756	0.023998844996005346	-0.06219899821396851	0.648782760300434	{1}{3}
410	0	DEMO_1_SHUFFLE	1.287706662356309	-0.04370854927461702	1.1456326256860192	1.1178513222692703	{1}{4}
411	0	DEMO_1_SHUFFLE	2.568182213827479	0.0036806049884935015	-0.2861283436103371	0.6741083014063222	{1}{5}
412	0	DEMO_1_SHUFFLE	1.1478602471575738	0.004147387069714574	1.6455827757834356	0.6160216654749942	{1}{6}
413	0	DEMO_1_SHUFFLE	4.452615976411136	-0.010182368142075383	0.6088140860637107	1.2112330872172759	{1}{7}
414	0	DEMO_1_SHUFFLE	1.036963233652068	0.03840890996910318	1.5805473951109663	0.681901496831471	{1}{8}
415	0	DEMO_1_SHUFFLE	0.6021791356350387	0.03916014980561672	-4.564624731229016	1.17424656442282	{1}{9}
416	0	DEMO_1_SHUFFLE	4.247077353430224	-0.027897294160868398	-1.4073561298248363	0.7101575856922201	{1}{10}
417	0	DEMO_1_SHUFFLE	1.154600010668691	0.007147363372784207	-0.9957271643032818	0.6124257532069707	{1}{11}
418	0	DEMO_1_SHUFFLE	6.402045910268445	-0.008915797795908068	-0.7586877788027482	0.6525735010924651	{1}{12}
419	0	DEMO_1_SHUFFLE	1.4596326939713449	-0.012675474500670924	5.717141397330207	0.6402640839517264	{1}{13}
420	0	DEMO_1_SHUFFLE	1.0699727780168706	0.005573225196204544	0.5287534965458669	0.6608642721706686	{1}{14}
421	0	DEMO_1_SHUFFLE	0.9453055728227918	-0.01679087381929285	0.7987588930448297	0.7480192664844287	{1}{15}
422	0	DEMO_1_SHUFFLE	4.18976820908294	-0.009095239385817926	-4.449284286309928	0.7808295293769248	{1}{16}
423	0	DEMO_1_SHUFFLE	1.102238191462636	0.04070425510849011	-1.9803745711905127	0.6415190352352413	{1}{17}
424	0	DEMO_1_SHUFFLE	1.236923876601412	0.003650001591842425	-0.5063980953930254	0.82562304011857	{1}{18}
425	0	DEMO_1_SHUFFLE	1.0561816324580546	0.017262209553456285	-0.09064787240771834	0.8031271552483066	{1}{19}
426	0	DEMO_1_SHUFFLE	0.6355491634583582	0.010012054701266261	0.4559803322172769	1.1125917896560613	{1}{20}
427	0	DEMO_1_SHUFFLE	0.7961570649612464	0.010063061607468698	-1.238058481299637	1.0075390137938227	{1}{21}
428	0	DEMO_1_SHUFFLE	5.5526395850770305	-0.017170186429978602	0.5172005949742248	0.6890321926404777	{1}{22}
429	0	DEMO_1_SHUFFLE	1.3911104535065268	0.010140994928508945	-2.4463873070003728	0.7600516760798295	{1}{23}
430	0	DEMO_1_SHUFFLE	1.0743069990019767	0.01592366962119294	0.3677376699486366	0.6581980586959262	{1}{24}
431	0	DEMO_1_SHUFFLE	5.232412013930364	-0.014258345420410119	-3.181854236565025	0.7194344474847447	{1}{25}
432	0	DEMO_1_SHUFFLE	1.8686334873304704	0.008750253847851748	-5.354417646941794	0.920770008175177	{1}{26}
433	0	DEMO_1_SHUFFLE	1.4859555301295504	-0.006421594055459321	1.874042532301251	0.6448165608229948	{1}{27}
434	0	DEMO_1_SHUFFLE	3.098650424956187	-0.01756036463207177	-1.7622323454760571	0.6601784042922031	{1}{28}
435	0	DEMO_1_SHUFFLE	2.4225398576043373	-0.036150535157798896	-0.03960804274557137	0.8935206972606468	{2}{2}
436	0	DEMO_1_SHUFFLE	4.4955235087523775	-0.017033330295744317	19.90082488660518	1.0143273362953928	{2}{3}
437	0	DEMO_1_SHUFFLE	1.0582099361265616	0.017628085986373623	2.02545194641278	0.668210302177675	{2}{4}
438	0	DEMO_1_SHUFFLE	1.951212615637934	0.008159651473018895	-2.148664259007739	0.6974422357149697	{2}{5}
439	0	DEMO_1_SHUFFLE	1.147521572601816	0.043063175185709686	1.302871902906858	0.6162034754460425	{2}{6}
440	0	DEMO_1_SHUFFLE	1.6613135337029044	-0.0191107264518521	0.20415718344086453	0.8566269462751401	{2}{7}
441	0	DEMO_1_SHUFFLE	1.1994550265615394	-0.02365727052539351	0.2810945154809081	0.9460970797949902	{2}{8}
442	0	DEMO_1_SHUFFLE	1.067172632424361	0.0019403690539326996	1.2318749688670765	0.662598308560603	{2}{9}
443	0	DEMO_1_SHUFFLE	2.128746187712955	-0.0165706309783165	-1.8431828011002056	0.6124094883783008	{2}{10}
444	0	DEMO_1_SHUFFLE	2.87791536899289	-0.02387466439100319	-0.26695529776288623	0.6341355084891898	{2}{11}
445	0	DEMO_1_SHUFFLE	1.065347892997213	0.021978076334732418	0.34331609044407935	0.6637332141308296	{2}{12}
446	0	DEMO_1_SHUFFLE	1.1537374609567261	-0.005219791478499733	-0.6947586853997259	0.6128836109734923	{2}{13}
447	0	DEMO_1_SHUFFLE	0.8597268140971163	-0.014443600015585152	1.3633052657936355	0.8224784543089423	{2}{14}
448	0	DEMO_1_SHUFFLE	0.9942686124668072	-0.017337704091843993	4.242872636867591	0.7111828456821107	{2}{15}
449	0	DEMO_1_SHUFFLE	1.0724971975259063	0.0015143242945154316	-0.015562824130527371	0.6593087448785313	{2}{16}
450	0	DEMO_1_SHUFFLE	0.7256705279391724	0.04123803220396247	3.5404463064605944	0.9744184915358987	{2}{17}
451	0	DEMO_1_SHUFFLE	0.9858856300990482	0.013075904855401926	-2.1765417207606514	0.7172300311502736	{2}{18}
452	0	DEMO_1_SHUFFLE	1.059318205674718	0.006820927439792266	0.04178169466100804	0.6675112137208729	{2}{19}
453	0	DEMO_1_SHUFFLE	1.1116576129869793	0.010799234403303081	0.5316415366009013	0.6360832444502225	{2}{20}
454	0	DEMO_1_SHUFFLE	1.1245105620561346	-0.006244564535613026	0.43481163717959465	0.6288129298613465	{2}{21}
455	0	DEMO_1_SHUFFLE	2.131341326579025	0.0010482105621965332	-1.4466703897227293	1.1554653340600278	{2}{22}
456	0	DEMO_1_SHUFFLE	2.1544822622078086	-0.020901907303850793	0.20531345346359167	0.6360076266096834	{2}{23}
457	0	DEMO_1_SHUFFLE	2.8536389396236745	-0.006011546081357418	0.1852665100975205	0.9119725374934072	{2}{24}
458	0	DEMO_1_SHUFFLE	4.596965145167894	-0.007406343259520842	-0.7649842593978775	0.7066088800278968	{2}{25}
459	0	DEMO_1_SHUFFLE	0.6672658241323923	0.004663260962981651	-0.4082488444787143	1.0597077740433627	{2}{26}
460	0	DEMO_1_SHUFFLE	1.0402727368230524	0.008670165773502903	-0.8430858262189681	0.6797321088563956	{2}{27}
461	0	DEMO_1_SHUFFLE	2.8993522065069546	-0.03278280348964203	-1.5913304792430873	1.1217026573695186	{2}{28}
462	0	DEMO_1_SHUFFLE	2.754186378457038	-0.028764672328522367	-0.5026616763073667	1.0889897100320467	{3}{3}
463	0	DEMO_1_SHUFFLE	0.960732513787682	0.03696322899005279	0.23349426853816713	0.7360079637554716	{3}{4}
464	0	DEMO_1_SHUFFLE	1.1080354691682819	0.0013487757332162086	0.12594906783426182	0.6381625867241588	{3}{5}
465	0	DEMO_1_SHUFFLE	8.381949595397183	-0.013807321267860245	-0.6557627347278258	0.8796597188565195	{3}{6}
466	0	DEMO_1_SHUFFLE	1.1508036787190623	0.003778026951446527	2.4263665849816927	0.6144460556240271	{3}{7}
467	0	DEMO_1_SHUFFLE	1.1782437953430271	0.01553405568921604	-1.0947360770287127	0.923819745725102	{3}{8}
468	0	DEMO_1_SHUFFLE	2.5348417035176625	0.004957462603475533	-2.3817872222467003	0.6302077793694454	{3}{9}
469	0	DEMO_1_SHUFFLE	1.0006786520387343	-0.008977494965882573	0.541875543367353	0.7066272271781979	{3}{10}
470	0	DEMO_1_SHUFFLE	2.285700420930219	-0.001800522328502744	-3.3097701260216694	1.0693737568686987	{3}{11}
471	0	DEMO_1_SHUFFLE	1.172777825266099	-5.70920829075917E-4	1.1358869439569268	0.7251977187024163	{3}{12}
472	0	DEMO_1_SHUFFLE	0.9237207284795034	-0.010759092106782265	10.21060806400655	0.765498444914715	{3}{13}
473	0	DEMO_1_SHUFFLE	2.192890873026695	-0.01294357822212317	-0.6122805796287225	0.7639391753935482	{3}{14}
474	0	DEMO_1_SHUFFLE	1.0588910690212519	0.0018851550963048626	0.26813846531358665	0.6677804751343652	{3}{15}
475	0	DEMO_1_SHUFFLE	1.0234400092700517	0.0053674797383410815	2.000734479122108	0.690911802139607	{3}{16}
476	0	DEMO_1_SHUFFLE	2.2255044671684536	-0.009363698941188549	-3.8586639722167613	0.6778131642960629	{3}{17}
477	0	DEMO_1_SHUFFLE	1.870098366579483	-0.017764091826043053	-0.6444155534256171	0.6886973138482241	{3}{18}
478	0	DEMO_1_SHUFFLE	0.8854964534583587	0.009493020169539481	2.0467494383023217	0.7985427591775216	{3}{19}
479	0	DEMO_1_SHUFFLE	4.899164887581079	-0.018005868274629744	-0.6353412411097229	0.6565885608137583	{3}{20}
480	0	DEMO_1_SHUFFLE	1.2190565590749867	0.009514973650505553	-2.1340051874415735	1.2087191308782002	{3}{21}
481	0	DEMO_1_SHUFFLE	1.1533644522261477	-8.591107144575304E-4	0.7114524163668474	0.6130818232014492	{3}{22}
482	0	DEMO_1_SHUFFLE	3.2379850769908995	-0.003389482687361519	-2.118279844724704	0.6834396267496203	{3}{23}
483	0	DEMO_1_SHUFFLE	1.7073733869091703	-0.055561122536997194	2.4235104302732777	0.6177915957623494	{3}{24}
484	0	DEMO_1_SHUFFLE	0.9089167668091199	0.009530181823895718	0.020447168330666635	0.7779664838497207	{3}{25}
485	0	DEMO_1_SHUFFLE	4.9673441518597965	-0.012104758471595499	-4.161076714425549	0.878926631672532	{3}{26}
486	0	DEMO_1_SHUFFLE	1.843628124119023	0.013741031237834732	-3.616174353395451	0.8298954764596668	{3}{27}
487	0	DEMO_1_SHUFFLE	0.9143745185314949	-0.005590575958393008	0.33034868721863675	0.7733229293420997	{3}{28}
488	0	DEMO_1_SHUFFLE	2.047071214971533	-0.03135518860643368	0.8871078999119296	0.7791129398281188	{4}{4}
489	0	DEMO_1_SHUFFLE	1.0287023466865555	-0.019790118435845442	-0.25984251521712337	0.7233513718403354	{4}{5}
490	0	DEMO_1_SHUFFLE	2.2181717024252725	-0.023799987584066748	0.8834307452898265	0.8579688800570275	{4}{6}
491	0	DEMO_1_SHUFFLE	1.068663659722813	-0.0032532361752701544	0.5185964631685005	0.6616738341883497	{4}{7}
492	0	DEMO_1_SHUFFLE	1.117532108522876	0.0210317215820703	-0.5997842648391664	0.6327395658646287	{4}{8}
493	0	DEMO_1_SHUFFLE	1.087136929980266	0.03400742696998276	-0.3977539389367804	0.6888832141866205	{4}{9}
494	0	DEMO_1_SHUFFLE	1.0709114349650766	-0.0033783039016683962	10.87890273265277	0.6602850227382314	{4}{10}
495	0	DEMO_1_SHUFFLE	1.0840242399688191	0.02866333258119636	1.9081712348694904	0.6522979423475685	{4}{11}
496	0	DEMO_1_SHUFFLE	4.133087004997923	-0.021997999663154917	-4.419729891336461	0.8652495138247559	{4}{12}
497	0	DEMO_1_SHUFFLE	1.205428693852054	0.005948981067578454	-1.0708675510928316	0.9945997189364199	{4}{13}
498	0	DEMO_1_SHUFFLE	1.1496981093313077	0.015106586023083091	1.9937194751748533	0.6150369174720296	{4}{14}
499	0	DEMO_1_SHUFFLE	1.152370284631402	-0.008437241692000897	0.5437608857789866	0.6136107383337497	{4}{15}
500	0	DEMO_1_SHUFFLE	2.3970777063360145	-0.0016209323674756613	3.0423353911581628	1.138828479688435	{4}{16}
501	0	DEMO_1_SHUFFLE	1.1069139183338064	-0.006629730880889728	0.6819062929853179	0.6388091878462665	{4}{17}
502	0	DEMO_1_SHUFFLE	0.876769492614648	0.010869453027834847	-0.8287644905770924	0.8064910870448482	{4}{18}
503	0	DEMO_1_SHUFFLE	2.4041000546880222	-0.013208065688777589	-0.2996513284956027	0.6578115167214296	{4}{19}
504	0	DEMO_1_SHUFFLE	2.2713959792257907	-0.009212448842254523	-0.8699971670272225	0.7554464781275712	{4}{20}
505	0	DEMO_1_SHUFFLE	2.0506308471665426	-0.01434345989649875	0.49931901983992083	0.6673135294987577	{4}{21}
506	0	DEMO_1_SHUFFLE	8.06502141677155	-0.013171014977206812	-1.8263377470578197	0.8108736311655412	{4}{22}
507	0	DEMO_1_SHUFFLE	0.8749622249603252	0.016300854469019927	1.1350723698318086	0.8081569249673732	{4}{23}
508	0	DEMO_1_SHUFFLE	0.9552638958886901	-0.010019998831948382	0.25287689686704107	0.7402214029336052	{4}{24}
509	0	DEMO_1_SHUFFLE	4.032657964137247	-0.005264873085834436	-1.0332373909967176	0.9101294316972341	{4}{25}
510	0	DEMO_1_SHUFFLE	0.9185520278352401	0.02810369671931633	1.629452008119473	0.7698059116509627	{4}{26}
511	0	DEMO_1_SHUFFLE	0.8390014010649057	0.0017422679294321606	1.211646584050884	0.8427957096246198	{4}{27}
512	0	DEMO_1_SHUFFLE	1.1501381884224715	0.012868012917116341	0.11871492380561141	0.6148015849785974	{4}{28}
513	0	DEMO_1_SHUFFLE	0.6717766174648535	0.01692904649598433	1.7323746634752994	1.0525921307815427	{5}{5}
514	0	DEMO_1_SHUFFLE	1.068247186535746	0.0010033242498291837	0.588784969798286	0.661931798275685	{5}{6}
515	0	DEMO_1_SHUFFLE	1.1477892083245271	-0.00493710073819729	-0.6032287188508612	0.6160597922145818	{5}{7}
516	0	DEMO_1_SHUFFLE	2.559025983406519	-0.0068361652809961915	-2.283132665802917	0.6129415530583031	{5}{8}
517	0	DEMO_1_SHUFFLE	1.1201328903067662	0.015348647219763882	1.2998279210432206	0.6312704388073946	{5}{9}
518	0	DEMO_1_SHUFFLE	1.7815125165996573	8.456029784317825E-4	0.6532389981023616	0.932156582040971	{5}{10}
519	0	DEMO_1_SHUFFLE	0.9058489480861805	0.005262607887232555	-0.6023288062877648	0.9495064972744546	{5}{11}
520	0	DEMO_1_SHUFFLE	1.1544949868863728	0.03003607369921465	-2.0616706022154	0.6124814652453229	{5}{12}
521	0	DEMO_1_SHUFFLE	1.146929690278543	0.001821134512060985	1.0123647235948587	0.6165214722227828	{5}{13}
522	0	DEMO_1_SHUFFLE	2.6428795968953884	-0.024125212773006093	-4.493699378427497	0.6211640512802042	{5}{14}
523	0	DEMO_1_SHUFFLE	3.833120453544091	-0.004776545321583756	0.2225904451845055	1.0182939157214825	{5}{15}
524	0	DEMO_1_SHUFFLE	0.6365692420916367	-0.017576447651996837	1.216896264316706	1.1108089025211758	{5}{16}
525	0	DEMO_1_SHUFFLE	0.9676973702582176	-0.02722948522222392	0.28625369233666836	0.8533968961278766	{5}{17}
526	0	DEMO_1_SHUFFLE	1.093059977364933	-0.006585534282621679	0.4253029234637198	0.6469057470123346	{5}{18}
527	0	DEMO_1_SHUFFLE	1.1500762827671875	-0.010013383916641423	1.294368634254079	0.6148346781703772	{5}{19}
528	0	DEMO_1_SHUFFLE	0.9628996611825309	0.010413678956326024	0.5516386750694018	0.7343514695167243	{5}{20}
529	0	DEMO_1_SHUFFLE	2.43585672126821	0.004822599504764555	-5.43837763833318	0.6373399965296469	{5}{21}
530	0	DEMO_1_SHUFFLE	2.634629588537415	-0.009989029307793346	-3.198731972675262	0.8097605971365366	{5}{22}
531	0	DEMO_1_SHUFFLE	0.9249802763929439	0.0025796683924336847	1.5102731093986683	0.7644560638027696	{5}{23}
532	0	DEMO_1_SHUFFLE	10.420618348755811	-0.01726294248387212	-1.0628274626428553	0.7328381602245755	{5}{24}
533	0	DEMO_1_SHUFFLE	2.113271391932229	-0.0468035187143471	-0.4019788756106408	1.0153791569220918	{5}{25}
534	0	DEMO_1_SHUFFLE	4.002865190759829	-0.014910876316152476	-0.21170824123665646	0.6215519529998484	{5}{26}
535	0	DEMO_1_SHUFFLE	1.4776370040461844	-0.03966782098197175	-0.512098891856349	0.665655666713698	{5}{27}
536	0	DEMO_1_SHUFFLE	2.1591671348156063	0.011382450200352456	-4.061933726241348	0.6870001046507314	{5}{28}
537	0	DEMO_1_SHUFFLE	1.144944521737548	-0.012019236935067212	4.108438879419138	0.6175904314677664	{6}{6}
538	0	DEMO_1_SHUFFLE	1.130353374759765	0.008658181534305592	0.4074482588801815	0.6255625868652178	{6}{7}
539	0	DEMO_1_SHUFFLE	0.8050858511652369	0.019755291298843264	10.423304001052475	0.8782998485976621	{6}{8}
540	0	DEMO_1_SHUFFLE	1.6084323239470395	0.008300123983768086	-1.4348728075430561	0.6154545364977153	{6}{9}
541	0	DEMO_1_SHUFFLE	0.8993251916657177	0.019336323663556632	-0.43789369671224204	0.786263731672916	{6}{10}
542	0	DEMO_1_SHUFFLE	0.8103914383828161	0.034552601859951994	-0.07006427768007936	0.8725496688336452	{6}{11}
543	0	DEMO_1_SHUFFLE	1.9325079598228685	-0.027356056893385598	-0.09153677308950196	0.6194430838852535	{6}{12}
544	0	DEMO_1_SHUFFLE	1.3892822269616127	6.224846136791195E-4	-6.698816195509925	0.7956380510974953	{6}{13}
545	0	DEMO_1_SHUFFLE	2.623397242990912	-0.03414397644989814	0.3837297177179823	0.7971624177130161	{6}{14}
546	0	DEMO_1_SHUFFLE	1.146076814047416	-0.0025606900098272363	1.4805579363320298	0.6169802691404004	{6}{15}
547	0	DEMO_1_SHUFFLE	3.0272400575239184	-0.007524787278638499	-0.46249461147421084	1.206646137543566	{6}{16}
548	0	DEMO_1_SHUFFLE	1.2720638343353798	-0.01885107581848676	-0.679435491147006	0.6236348013921924	{6}{17}
549	0	DEMO_1_SHUFFLE	1.148036693864178	0.006763186192987863	-1.2778169959790018	0.9072088865099004	{6}{18}
550	0	DEMO_1_SHUFFLE	1.198475510313138	-0.012754323875786568	1.5794283272384309	1.1917847227831173	{6}{19}
551	0	DEMO_1_SHUFFLE	1.0153759178381916	0.025237497928152886	-0.2098579733723132	0.6963990072681935	{6}{20}
552	0	DEMO_1_SHUFFLE	17.420251340110344	-0.02544430451784514	-1.530920548855212	0.6273614170670363	{6}{21}
553	0	DEMO_1_SHUFFLE	1.1526332655308604	0.031509285326316264	-2.8303481094251546	0.6134707389872878	{6}{22}
554	0	DEMO_1_SHUFFLE	1.138535644689886	0.018983839429148053	0.34797664908797066	0.6210668805008288	{6}{23}
555	0	DEMO_1_SHUFFLE	0.8876253962221631	1.2128005644383357E-4	0.17755986920401004	0.7966274784341189	{6}{24}
556	0	DEMO_1_SHUFFLE	1.3058440561643991	-0.023177042816671958	-0.36168515553372793	0.9883673862313973	{6}{25}
557	0	DEMO_1_SHUFFLE	1.700012759990029	0.007775983795666489	-1.058081148979467	0.7753740666312932	{6}{26}
558	0	DEMO_1_SHUFFLE	1.154609156465769	-0.009613883910175322	-1.9654947601504698	0.6124209021094068	{6}{27}
559	0	DEMO_1_SHUFFLE	1.2833625522989691	-0.013808922771875605	1.5208136485941768	0.6514320613398058	{6}{28}
560	0	DEMO_1_SHUFFLE	1.1508107064432807	-0.010476200354516713	2.963216640047414	0.614442303349737	{7}{7}
561	0	DEMO_1_SHUFFLE	1.8194134283595589	-0.02360949287361179	0.29229713201235125	0.612473565015685	{7}{8}
562	0	DEMO_1_SHUFFLE	0.9981720090917925	0.01939111160603516	1.0399968582095627	0.7084017331140384	{7}{9}
563	0	DEMO_1_SHUFFLE	1.1471869628147184	0.013220281704279654	1.0092113809277987	0.9219923744907842	{7}{10}
564	0	DEMO_1_SHUFFLE	1.1741362395310313	-0.04567081397382094	1.271465455932435	0.6595924358320314	{7}{11}
565	0	DEMO_1_SHUFFLE	1.0995893123006233	0.0019347504947255713	-1.5371230995620435	0.7613563094963168	{7}{12}
566	0	DEMO_1_SHUFFLE	0.8120721522090619	-0.0021090418196404526	-0.168714284151883	0.8707437870674676	{7}{13}
567	0	DEMO_1_SHUFFLE	1.914785312005411	0.005278034435273415	-0.1344219659246557	0.9896319738313863	{7}{14}
568	0	DEMO_1_SHUFFLE	1.8401731695238877	0.01673906266188175	-1.2264754522348071	0.7198900139150333	{7}{15}
569	0	DEMO_1_SHUFFLE	0.9406132909837628	-0.022672670006435896	0.026759068812274352	0.9632425577111691	{7}{16}
570	0	DEMO_1_SHUFFLE	1.1481306610044335	-0.00697116069044766	5.97601331376963	0.6158765767721426	{7}{17}
571	0	DEMO_1_SHUFFLE	1.0564423030327474	0.0021265143063233113	-0.6840622406403357	0.6693283477541971	{7}{18}
572	0	DEMO_1_SHUFFLE	0.6139204914812924	0.0018045023668472819	1.0338596378889768	1.1517888570235073	{7}{19}
573	0	DEMO_1_SHUFFLE	1.8979026502106218	0.0017126215763932375	-1.2097258962013147	1.1631483549897381	{7}{20}
574	0	DEMO_1_SHUFFLE	3.072453446592279	-3.649882131068078E-5	-1.171164230072031	0.6499700799985879	{7}{21}
575	0	DEMO_1_SHUFFLE	1.8815410193941775	0.011469806792714986	-1.7807112905609008	0.6170076970598556	{7}{22}
576	0	DEMO_1_SHUFFLE	2.805250301788981	0.0010095927948354064	-2.466882957968069	0.7454308889618233	{7}{23}
577	0	DEMO_1_SHUFFLE	0.6676099619466266	0.01821249347827647	-0.11741795580229673	1.059161518687881	{7}{24}
578	0	DEMO_1_SHUFFLE	1.129641198449913	-0.019627002260592174	-1.0747570745644608	0.625956969484501	{7}{25}
579	0	DEMO_1_SHUFFLE	3.0398260971545685	-0.02916314981984863	0.3498764682631664	0.6889573046349567	{7}{26}
580	0	DEMO_1_SHUFFLE	3.0889307059204705	-0.01873615478283603	-2.3404462356331566	0.6908770270496184	{7}{27}
581	0	DEMO_1_SHUFFLE	1.153905878659421	0.02957994198252686	0.3397959047715306	0.6127941578805768	{7}{28}
582	0	DEMO_1_SHUFFLE	1.1356200273735402	-0.01527600465808194	1.8213913855344162	0.6226614220796571	{8}{8}
583	0	DEMO_1_SHUFFLE	1.1546977649124175	0.0025276100334066494	1.1285708759139266	0.6123739065522317	{8}{9}
584	0	DEMO_1_SHUFFLE	1.6952765764300977	0.024347782090086825	-3.8719788541881734	0.7769722515373158	{8}{10}
585	0	DEMO_1_SHUFFLE	2.204060996665582	-0.0012119507874775715	0.11864116229508775	1.0307290268567955	{8}{11}
586	0	DEMO_1_SHUFFLE	1.1333913288252209	0.03997966554540767	-0.6544974060283444	0.6390178698417756	{8}{12}
587	0	DEMO_1_SHUFFLE	0.9579396787458326	-0.012757134443814436	2.2898234541301905	0.7381537657071643	{8}{13}
588	0	DEMO_1_SHUFFLE	2.187873168565819	-0.04490172115097124	1.5302451335068794	0.9761833325707622	{8}{14}
589	0	DEMO_1_SHUFFLE	2.649046704821489	-0.026646844328378192	0.8425259769629369	0.6418707434056411	{8}{15}
590	0	DEMO_1_SHUFFLE	0.9528043614110218	0.009808962416489696	2.494439914808524	0.742132183504474	{8}{16}
591	0	DEMO_1_SHUFFLE	0.7885502895418346	0.005169359935778401	0.9490520329186033	0.8967174200105772	{8}{17}
592	0	DEMO_1_SHUFFLE	1.118126009996657	0.005707939776055667	-0.3444138390052944	0.6324034812397055	{8}{18}
593	0	DEMO_1_SHUFFLE	1.0765419629343416	0.02203948066826543	-0.8057183465223783	0.6568316011195507	{8}{19}
594	0	DEMO_1_SHUFFLE	1.5029715758767768	-0.03858751638718803	1.3782059379065938	0.9133978813882487	{8}{20}
595	0	DEMO_1_SHUFFLE	2.686363360142254	0.002699424116688308	-1.3435239685746374	0.6304597669610309	{8}{21}
596	0	DEMO_1_SHUFFLE	1.1700064106658414	-0.02266132085457146	3.4017613973268603	0.8084093235085578	{8}{22}
597	0	DEMO_1_SHUFFLE	1.6621890294210995	-0.02687171790055686	0.22031932397214984	0.6131347770606942	{8}{23}
598	0	DEMO_1_SHUFFLE	3.306051399569548	-0.002148243736782105	-2.3457949680729584	0.6697031054129962	{8}{24}
599	0	DEMO_1_SHUFFLE	1.1491173928931098	0.032074305328983324	-3.758220278708197	0.6153477317110996	{8}{25}
600	0	DEMO_1_SHUFFLE	0.9577416823074826	0.009017844520031116	-0.199851127486926	0.7383063661622394	{8}{26}
601	0	DEMO_1_SHUFFLE	0.7680105105112643	0.016395998929785736	2.6572539560147286	0.9206993543823075	{8}{27}
602	0	DEMO_1_SHUFFLE	5.540535602754903	-0.011608237155754226	-0.22652800998879963	0.8116113418967462	{8}{28}
603	0	DEMO_1_SHUFFLE	1.4378440114680526	-0.013690061809850237	1.324460998539649	0.8803237361531303	{9}{9}
604	0	DEMO_1_SHUFFLE	1.4461533740750663	0.025736983033153665	-0.5364895119294876	0.6442396796129366	{9}{10}
605	0	DEMO_1_SHUFFLE	1.4552020490251019	0.00297989964836348	0.9966079232756466	0.9039521661176874	{9}{11}
606	0	DEMO_1_SHUFFLE	0.8318632731725006	-0.018337350994855704	0.8376067597870017	0.8500276475601986	{9}{12}
607	0	DEMO_1_SHUFFLE	1.5176401290133255	0.0044601773598219605	-0.2969725020616452	1.0594743929264128	{9}{13}
608	0	DEMO_1_SHUFFLE	0.5870647127942994	0.02280470360536592	0.09191601197119247	1.2044784259317414	{9}{14}
609	0	DEMO_1_SHUFFLE	1.0412402169545374	0.01368426758739814	0.10550451801002231	0.8509179367147971	{9}{15}
610	0	DEMO_1_SHUFFLE	1.7722376233172914	-0.018523943133156973	-1.801340825903985	0.6172244436182639	{9}{16}
611	0	DEMO_1_SHUFFLE	1.6277446739840213	-0.00964248303322524	-1.369437000499064	0.6411697044694805	{9}{17}
612	0	DEMO_1_SHUFFLE	1.14142595277747	0.035832021263782696	-5.318652779433717	0.6194942207735166	{9}{18}
613	0	DEMO_1_SHUFFLE	1.543561567695863	-0.003900137420110197	-0.7012739915092916	0.6853724144672905	{9}{19}
614	0	DEMO_1_SHUFFLE	0.9114296151668144	-0.015464552844728459	0.7465341364477	0.7758215987497064	{9}{20}
615	0	DEMO_1_SHUFFLE	6.396590778371926	-0.010069152343365908	-0.7609008402680085	0.9991104585869179	{9}{21}
616	0	DEMO_1_SHUFFLE	0.802481631885451	-0.023670895397683935	1.0601832275881191	0.881150113710618	{9}{22}
617	0	DEMO_1_SHUFFLE	0.9831574509790336	0.03510113365013351	-0.9259830832409269	0.7192202840780046	{9}{23}
618	0	DEMO_1_SHUFFLE	1.1529415264297465	-0.005554892873833362	0.2948446412746262	0.6133067158888867	{9}{24}
619	0	DEMO_1_SHUFFLE	2.271275912291421	0.006951632562714205	-2.0124541469332455	0.6725851973371646	{9}{25}
620	0	DEMO_1_SHUFFLE	0.8922721826709379	0.010237909594163472	1.7234571643105485	0.7924787916954733	{9}{26}
621	0	DEMO_1_SHUFFLE	1.8428528276982705	-0.028850796624645573	0.011850903675224634	0.7869987675793254	{9}{27}
622	0	DEMO_1_SHUFFLE	0.9960466917323952	0.02544205311598631	0.5638806412988424	0.7099132872543326	{9}{28}
623	0	DEMO_1_SHUFFLE	1.1426801448879864	-0.01163504354060993	-0.7082110691238099	0.618814271298871	{10}{10}
624	0	DEMO_1_SHUFFLE	1.5145927150608345	-4.618032004800947E-4	0.4868271070260754	0.7981075340056648	{10}{11}
625	0	DEMO_1_SHUFFLE	0.8930780686383843	0.015337755140091437	0.0660203671647179	0.7917636833973825	{10}{12}
626	0	DEMO_1_SHUFFLE	2.039522507675655	0.003960641495820378	-1.6906260727732703	0.7091962525802271	{10}{13}
627	0	DEMO_1_SHUFFLE	0.9577835719383528	0.006538145482678761	0.5224237840412057	0.9954973816060859	{10}{14}
628	0	DEMO_1_SHUFFLE	1.1530530946019664	0.02371507201960612	0.547712614650034	0.6132473729933838	{10}{15}
629	0	DEMO_1_SHUFFLE	1.4244627615260554	0.007928598631077862	-0.9081712232588558	1.202125512499538	{10}{16}
630	0	DEMO_1_SHUFFLE	1.14946851557455	-0.028022658763899692	-0.9410352577564884	0.6151597643656272	{10}{17}
631	0	DEMO_1_SHUFFLE	6.136184616722512	-0.020888306893417353	-1.1853654765848132	0.8191257136418195	{10}{18}
632	0	DEMO_1_SHUFFLE	3.485896825436684	-0.009678362412950182	-2.8475847242388643	0.6259059562137416	{10}{19}
633	0	DEMO_1_SHUFFLE	1.1545092993829535	0.025232832540728264	0.5223662259613074	0.6124738722888351	{10}{20}
634	0	DEMO_1_SHUFFLE	0.6168463756649453	0.029223644933954827	1.9948507015118062	1.1463255829691854	{10}{21}
635	0	DEMO_1_SHUFFLE	2.217637355482487	-0.005575979975076446	-0.09300066548867107	0.8684878165702156	{10}{22}
636	0	DEMO_1_SHUFFLE	1.0704892224942293	-0.020394241499411356	-0.4962342287764551	0.660545446257736	{10}{23}
637	0	DEMO_1_SHUFFLE	2.660659929449231	-0.018976723405320722	3.14312139769249	0.6181006420631262	{10}{24}
638	0	DEMO_1_SHUFFLE	4.368391301565431	-0.01465361870135386	-2.6385531810358693	0.7383855541915901	{10}{25}
639	0	DEMO_1_SHUFFLE	6.553068704440001	-0.024208931077085154	-3.4239551615565076	0.6297605515477774	{10}{26}
640	0	DEMO_1_SHUFFLE	1.8184058704569266	0.009358162558550117	-0.8564456013173102	0.8364963280472169	{10}{27}
641	0	DEMO_1_SHUFFLE	1.0429564755779368	0.014664104422732646	-0.4262269537858667	0.7165292740331166	{10}{28}
642	0	DEMO_1_SHUFFLE	1.4206070516905869	0.013755224108219171	-0.5502280317684046	0.6158702133878223	{11}{11}
643	0	DEMO_1_SHUFFLE	0.7291422724584222	0.013807977306405353	1.3224763773885848	1.1139461656889977	{11}{12}
644	0	DEMO_1_SHUFFLE	1.3571580688493892	-0.015296459720650166	1.5791203712513862	0.743308389062158	{11}{13}
645	0	DEMO_1_SHUFFLE	2.7046130785912097	7.785869444533253E-4	0.12645939344717322	0.7143512019217182	{11}{14}
646	0	DEMO_1_SHUFFLE	1.1515660187221632	-3.885039647487118E-4	-0.18666786884230332	0.6140392905750983	{11}{15}
647	0	DEMO_1_SHUFFLE	1.1354093674638044	-0.0024365540943499745	2.086260875540432	0.6227769485168435	{11}{16}
648	0	DEMO_1_SHUFFLE	1.1387654465293515	-0.010321906413233155	1.0009798072441431	0.6209415497648065	{11}{17}
649	0	DEMO_1_SHUFFLE	2.0044267427721083	0.00626701057618846	-0.7731464047677266	0.6155015810406663	{11}{18}
650	0	DEMO_1_SHUFFLE	1.040486501893676	0.03879244636458881	2.3539891716872243	0.6795924597768636	{11}{19}
651	0	DEMO_1_SHUFFLE	1.0241363099546323	-0.013181004261708398	1.9993024105263852	0.8068381565707992	{11}{20}
652	0	DEMO_1_SHUFFLE	1.7688787604316365	-0.02484460333196531	2.576071915453778	0.6631927944875297	{11}{21}
653	0	DEMO_1_SHUFFLE	0.6765361800320449	0.019398213201822986	1.416722124877377	1.0451869420391597	{11}{22}
654	0	DEMO_1_SHUFFLE	1.0128090048523757	0.005776581885948362	1.2943697874298359	0.6981639951844755	{11}{23}
655	0	DEMO_1_SHUFFLE	1.487020217692448	0.005676968921776753	-0.026089229520506366	0.9573409888805324	{11}{24}
656	0	DEMO_1_SHUFFLE	0.9680033851327985	0.013172519480549668	-0.3745045051453939	0.7304796574544425	{11}{25}
657	0	DEMO_1_SHUFFLE	0.8113463545702919	0.013451627945863387	-0.43234287829653106	0.8715227192473773	{11}{26}
658	0	DEMO_1_SHUFFLE	1.123924101462041	-0.00801526471872684	0.4849100962559183	0.629141042768562	{11}{27}
659	0	DEMO_1_SHUFFLE	2.7914864683451865	-0.02133568592208743	-0.4894701185858286	0.6149681207666742	{11}{28}
660	0	DEMO_1_SHUFFLE	3.223220768362039	-0.0218425710289974	-1.0604263497855633	0.6553249439282826	{12}{12}
661	0	DEMO_1_SHUFFLE	1.6458286701213896	0.004969645326196273	0.14590671098019378	1.1728951084586021	{12}{13}
662	0	DEMO_1_SHUFFLE	0.9108379847332606	0.01791603280448796	0.92695465678855	0.7763255299389211	{12}{14}
663	0	DEMO_1_SHUFFLE	1.0033843437477217	0.013321110831499911	-1.2167376661224272	0.7852390294345452	{12}{15}
664	0	DEMO_1_SHUFFLE	4.118057206485632	-0.0189117895943882	0.009128006212823428	0.7610218694726776	{12}{16}
665	0	DEMO_1_SHUFFLE	1.1498322785400894	-0.012057531622420911	0.7073953654931473	0.6149651513387168	{12}{17}
666	0	DEMO_1_SHUFFLE	0.6285722281039631	-0.0035207569392614714	0.6522765303436544	1.1249411755264427	{12}{18}
667	0	DEMO_1_SHUFFLE	0.8960651209536494	0.00900651952148081	3.884101498696421	0.7891243221631028	{12}{19}
668	0	DEMO_1_SHUFFLE	1.5410782200182889	-0.01538570858316162	0.6510168705155372	1.0989347769579525	{12}{20}
669	0	DEMO_1_SHUFFLE	2.0955993925731002	-0.015228041471838703	-0.9776224860052853	0.6245325339377353	{12}{21}
670	0	DEMO_1_SHUFFLE	1.7096065868558148	-0.016840829538503785	0.5007114434120218	0.6645984443940476	{12}{22}
671	0	DEMO_1_SHUFFLE	1.1546848027458736	-0.0050887120820444255	0.04562463440618228	0.6123807808893115	{12}{23}
672	0	DEMO_1_SHUFFLE	1.0657477184078143	-0.0023236224254878928	1.4439139482167946	0.6634842082917498	{12}{24}
673	0	DEMO_1_SHUFFLE	1.446661755933332	0.004260879528547502	0.45520376629514997	0.8899100590173963	{12}{25}
674	0	DEMO_1_SHUFFLE	1.084626751942103	-0.009970187805797217	2.9946880581677227	0.651935589750503	{12}{26}
675	0	DEMO_1_SHUFFLE	2.6980236697283098	0.0010942519964310432	-2.064932622991826	0.6829072786557455	{12}{27}
676	0	DEMO_1_SHUFFLE	1.0340270589263925	-0.0153322305013793	1.4526437363157791	0.6838377923308129	{12}{28}
677	0	DEMO_1_SHUFFLE	1.1537295080918257	-0.010025209131290331	1.3845931251633707	0.6128878356903988	{13}{13}
678	0	DEMO_1_SHUFFLE	1.1235763914421704	-0.022654837873604474	-0.673819487223445	0.6293357412742879	{13}{14}
679	0	DEMO_1_SHUFFLE	1.2021181205047304	0.025004975047171297	-0.31453777274546635	0.6130296183254348	{13}{15}
680	0	DEMO_1_SHUFFLE	0.9459227111349002	0.014051434468157237	0.6003339362550718	0.7475312442156867	{13}{16}
681	0	DEMO_1_SHUFFLE	2.410848906612104	0.003311093930849852	-1.6051135175284672	0.8067151326659698	{13}{17}
682	0	DEMO_1_SHUFFLE	3.2686337335865683	-0.03172713276144058	-0.6233908126661928	0.7641800028295109	{13}{18}
683	0	DEMO_1_SHUFFLE	10.387209901407665	-0.012803715492773786	-1.3010609741372048	0.8590188212878834	{13}{19}
684	0	DEMO_1_SHUFFLE	0.9581570095517493	-0.006038728849618133	1.0064009804606266	0.7424940367715043	{13}{20}
685	0	DEMO_1_SHUFFLE	2.8937336976719004	-0.06224189989168964	-0.014193694211627457	0.9744750025013004	{13}{21}
686	0	DEMO_1_SHUFFLE	0.6516603124605905	-0.00898390572792544	1.6704875997097923	1.0850849248692125	{13}{22}
687	0	DEMO_1_SHUFFLE	0.7870540725540504	0.008151116894141172	-1.3251554826152838	1.0897149055564228	{13}{23}
688	0	DEMO_1_SHUFFLE	0.6709919950638732	-0.016859247499267448	2.0367445971041405	1.0538229761135025	{13}{24}
689	0	DEMO_1_SHUFFLE	0.6963830764020518	0.017006617616034194	2.8208881423845624	1.0153991461709568	{13}{25}
690	0	DEMO_1_SHUFFLE	0.9892837076468619	0.002921827006901244	1.7105954386859956	0.714766427184464	{13}{26}
691	0	DEMO_1_SHUFFLE	3.005674407200091	-0.014171477185634981	-1.9926992951264901	0.6296531398400678	{13}{27}
692	0	DEMO_1_SHUFFLE	0.8627856276290602	0.00822254906086015	0.39785205466900314	0.8195625408476969	{13}{28}
693	0	DEMO_1_SHUFFLE	1.1324101850218191	0.021448237543197725	2.0580113486421188	0.6244263700020704	{14}{14}
694	0	DEMO_1_SHUFFLE	1.5976532963852537	-0.015525964203906784	2.19704613366445	1.2003129621215292	{14}{15}
695	0	DEMO_1_SHUFFLE	1.0221768882145879	-6.858207416407193E-5	1.2870572918481509	0.6917655733946736	{14}{16}
696	0	DEMO_1_SHUFFLE	2.4930071220661243	0.005413526765874931	-2.6584132084443377	0.6228747339884572	{14}{17}
697	0	DEMO_1_SHUFFLE	1.1116671319850135	0.0069043631238738	-1.034307999489455	0.6360777977881963	{14}{18}
698	0	DEMO_1_SHUFFLE	1.1307110937396136	0.029301741583511672	0.09979025723113256	0.6253646798917708	{14}{19}
699	0	DEMO_1_SHUFFLE	1.0796940360782195	0.006624287514516436	1.4875100266715013	0.6549140381982443	{14}{20}
700	0	DEMO_1_SHUFFLE	1.9627655549211789	-0.01891962113394441	0.5796653243264283	0.6525200665794417	{14}{21}
701	0	DEMO_1_SHUFFLE	2.2467124343029803	-0.01458871582498395	-0.3257906813546104	0.7221114315572833	{14}{22}
702	0	DEMO_1_SHUFFLE	0.9817634517235363	-0.013128570214342529	-1.9719516162972388	0.7202415000733478	{14}{23}
703	0	DEMO_1_SHUFFLE	1.1487693124091345	0.02126662811696569	-3.563042999686336	0.7697913917820776	{14}{24}
704	0	DEMO_1_SHUFFLE	0.8077059878032472	0.004334044358456602	-0.27018920430976523	0.8754507108579155	{14}{25}
705	0	DEMO_1_SHUFFLE	3.7308162717698696	-0.01612364841558554	-1.3505254639147384	0.6123747103033996	{14}{26}
706	0	DEMO_1_SHUFFLE	1.796500416761811	-0.013694210725439344	0.8300441372469862	1.0369905619958415	{14}{27}
707	0	DEMO_1_SHUFFLE	0.9250089735007188	0.02016436810304391	0.209460905206496	0.7644323476241369	{14}{28}
708	0	DEMO_1_SHUFFLE	1.1493253616840344	0.03486810836175206	0.21140126708991974	0.6152363854134989	{15}{15}
709	0	DEMO_1_SHUFFLE	1.454236589466023	-7.269814603248699E-4	-2.029358192229743	0.76771483845458	{15}{16}
710	0	DEMO_1_SHUFFLE	0.8719261969741046	0.03689006152220788	-0.9318874767792638	0.8109709097403663	{15}{17}
711	0	DEMO_1_SHUFFLE	1.6169096161531755	-0.01299544921189274	-0.42559958617796423	0.6193605412888764	{15}{18}
712	0	DEMO_1_SHUFFLE	0.7861460150447546	-0.0232117490181282	5.252899625891931	0.8994598556176521	{15}{19}
713	0	DEMO_1_SHUFFLE	1.1270213793836859	-0.001760227637532998	-0.8635735627479841	0.6274120386014598	{15}{20}
714	0	DEMO_1_SHUFFLE	1.1334602048510924	-0.013786884289261498	-0.33292974190647073	0.6238479111663592	{15}{21}
715	0	DEMO_1_SHUFFLE	0.966133353534608	0.011430708545388106	-8.406247641057407	0.7318935616906204	{15}{22}
716	0	DEMO_1_SHUFFLE	1.0649135393959075	0.014074213823942278	0.136053760746301	0.6640039355567471	{15}{23}
717	0	DEMO_1_SHUFFLE	1.0577126790672615	0.022709176381204933	1.8422329128187753	0.6685244444740003	{15}{24}
718	0	DEMO_1_SHUFFLE	1.0580285081430478	0.02153478835729944	-4.828141364581865	0.7007591843681614	{15}{25}
719	0	DEMO_1_SHUFFLE	1.356840650873851	0.011393140048410955	0.6581209187751743	1.090082179704098	{15}{26}
720	0	DEMO_1_SHUFFLE	1.263404767209783	-4.113356751452166E-4	0.13786665205574974	0.7327761787918303	{15}{27}
721	0	DEMO_1_SHUFFLE	1.0676723034551636	-0.015809804313168727	12.141544158911431	0.6622882123084335	{15}{28}
722	0	DEMO_1_SHUFFLE	2.3509177519449715	-0.0112555671607881	0.046441360858731455	0.6217293633386002	{16}{16}
723	0	DEMO_1_SHUFFLE	1.0241817211084887	0.002277335734678566	1.8601744443032797	0.6904114441929643	{16}{17}
724	0	DEMO_1_SHUFFLE	4.525694754454048	-0.010516674357368215	-1.3662334942474552	0.7109756269122566	{16}{18}
725	0	DEMO_1_SHUFFLE	1.1477387717126832	-0.0053971432067897555	0.16652878434808782	0.6160868645496622	{16}{19}
726	0	DEMO_1_SHUFFLE	0.9205190140458157	0.0037964696594818903	-4.713344750087112	0.768160972665529	{16}{20}
727	0	DEMO_1_SHUFFLE	0.989603847027474	0.02754447500472968	-0.6787462845230178	0.7145351984135087	{16}{21}
728	0	DEMO_1_SHUFFLE	2.33199230589807	0.004099251420519548	-0.2956040117761063	0.6176154466576381	{16}{22}
729	0	DEMO_1_SHUFFLE	0.871583453398578	0.026968871640816374	-1.1560262882281866	0.8112898178933019	{16}{23}
730	0	DEMO_1_SHUFFLE	1.0291627904556082	0.0018503431948252132	1.6690195593145836	0.6870699055039804	{16}{24}
731	0	DEMO_1_SHUFFLE	1.054370220822221	-0.025154313317031166	0.14938606750541694	0.6771588297693122	{16}{25}
732	0	DEMO_1_SHUFFLE	1.1359129727942743	-0.0032831940476134146	0.1559979116362987	0.6225008412810972	{16}{26}
733	0	DEMO_1_SHUFFLE	1.3431350388598728	0.001009306290400175	-4.075783973958871	0.8079615959878891	{16}{27}
734	0	DEMO_1_SHUFFLE	2.3729361709034533	-0.023837700895318673	-2.064438357569531	0.6576008803980865	{16}{28}
735	0	DEMO_1_SHUFFLE	0.7444545709154905	-0.023139857267954502	1.6484810496534512	0.9498320096510192	{17}{17}
736	0	DEMO_1_SHUFFLE	0.8645350440769138	0.018700143805287187	2.8565571504056924	0.8179041278095827	{17}{18}
737	0	DEMO_1_SHUFFLE	0.8346749230226121	0.01805420380450327	1.2497885220975748	0.8471642811861394	{17}{19}
738	0	DEMO_1_SHUFFLE	1.0297956385147187	0.025049231491448595	-2.1718031322413784	0.6866476752673107	{17}{20}
739	0	DEMO_1_SHUFFLE	1.8578861838976197	0.005022629046941705	-16.688311166586516	1.2245797106939935	{17}{21}
740	0	DEMO_1_SHUFFLE	1.0027881017517581	-0.007278698280876495	0.6608226439883671	0.705140776951094	{17}{22}
741	0	DEMO_1_SHUFFLE	0.9840151489632581	0.0013117958676145001	0.6542039598508838	0.7185933894732651	{17}{23}
742	0	DEMO_1_SHUFFLE	0.6949478689532611	0.016934684196077736	0.10151904803448336	1.0174961501092166	{17}{24}
743	0	DEMO_1_SHUFFLE	0.7063317484280544	0.007580696709390224	0.7054614910979576	1.0010972645080982	{17}{25}
744	0	DEMO_1_SHUFFLE	1.1443381427406971	-0.0024862101820384203	1.6793365864046823	0.6179176895152882	{17}{26}
745	0	DEMO_1_SHUFFLE	3.6806111528592935	-0.006390741787067447	0.6811782706078271	0.6919250004287851	{17}{27}
746	0	DEMO_1_SHUFFLE	0.9602153299033893	0.013317556586213003	0.7662203369431965	0.736404386771967	{17}{28}
747	0	DEMO_1_SHUFFLE	1.0975665416486804	0.015333801535147386	-0.6667364297139211	0.6442495779111359	{18}{18}
748	0	DEMO_1_SHUFFLE	0.6547557341950372	0.02346470808489647	0.6548270574508964	1.0799550798220516	{18}{19}
749	0	DEMO_1_SHUFFLE	1.1534855106302557	0.012924521881696417	3.8074051540517404	0.6130174802110776	{18}{20}
750	0	DEMO_1_SHUFFLE	1.1175634024249275	0.017549129855429915	-0.8012357910330227	0.6327218479526472	{18}{21}
751	0	DEMO_1_SHUFFLE	1.1462436684928325	0.016217976818475362	-0.39196015676237506	0.6168904576077655	{18}{22}
752	0	DEMO_1_SHUFFLE	2.2270767705894547	-0.04625739981266882	3.797091166918479	0.9661188874224301	{18}{23}
753	0	DEMO_1_SHUFFLE	1.3021838939901722	-0.021700259730412324	-1.7652091679827933	0.6204787649990198	{18}{24}
754	0	DEMO_1_SHUFFLE	1.6376113286862457	0.014041086124217273	-0.6611270689785669	0.9087963520682352	{18}{25}
755	0	DEMO_1_SHUFFLE	1.0590680569595878	0.016273668105103972	0.049667091583950634	0.667668877877911	{18}{26}
756	0	DEMO_1_SHUFFLE	1.1464643668160996	-0.006684747938878648	1.7307629419068868	0.6167717040785902	{18}{27}
757	0	DEMO_1_SHUFFLE	1.7039498656478738	0.006148673774494985	-1.63292679679295	0.7462839981268494	{18}{28}
758	0	DEMO_1_SHUFFLE	10.999463764011589	-0.02621216913391853	-2.5670123490175043	0.6662886630125169	{19}{19}
759	0	DEMO_1_SHUFFLE	1.1545287985515968	-0.007021829611491315	-0.23791450403754116	0.6124635280416048	{19}{20}
760	0	DEMO_1_SHUFFLE	0.8475058984399073	0.005905168710090765	3.4241374507224998	0.8343384777476982	{19}{21}
761	0	DEMO_1_SHUFFLE	1.3890289395563042	-0.03159428549914909	-1.3386864556177944	0.8461035201742138	{19}{22}
762	0	DEMO_1_SHUFFLE	1.1259585138784511	0.017567688425872148	1.0870281946922937	0.6280042936492071	{19}{23}
763	0	DEMO_1_SHUFFLE	0.9573752406620974	0.019981817658844356	0.10958150877054788	0.7385889577607309	{19}{24}
764	0	DEMO_1_SHUFFLE	1.1270037374673567	-0.012089639136889062	0.8025393383353058	0.6274218599980718	{19}{25}
765	0	DEMO_1_SHUFFLE	1.1432103948606795	-0.02541773697711741	4.072152909911558	0.6185272495468527	{19}{26}
766	0	DEMO_1_SHUFFLE	1.4904672902589025	-0.038216100097393735	0.5628368937000799	0.9276670007668671	{19}{27}
767	0	DEMO_1_SHUFFLE	1.8295276914658938	-0.024520161148970657	0.6444274656546165	0.7614088637243069	{19}{28}
768	0	DEMO_1_SHUFFLE	1.8804471905538593	-0.031109693741468058	0.6316666432391552	0.654593996485842	{20}{20}
769	0	DEMO_1_SHUFFLE	3.270156793083731	-0.011819505605051444	-2.988307899037092	0.6568705008221911	{20}{21}
770	0	DEMO_1_SHUFFLE	0.8269107336498585	0.013872996587418949	-0.1278320425735164	0.8551186390645644	{20}{22}
771	0	DEMO_1_SHUFFLE	1.0472488244542975	-0.011616956538687558	-0.716163804651817	0.6752041775315509	{20}{23}
772	0	DEMO_1_SHUFFLE	1.1545318192614722	0.01705340073349962	1.1675103161717069	0.6124619255958381	{20}{24}
773	0	DEMO_1_SHUFFLE	2.04182915580477	-0.024072767908630256	0.3120861721926751	0.8829033266060212	{20}{25}
774	0	DEMO_1_SHUFFLE	0.6567987577946751	0.010476897941412803	0.2723816737079251	1.0765957955840095	{20}{26}
775	0	DEMO_1_SHUFFLE	1.6492172865119137	0.018576772482266937	-2.1532637827453445	0.7231546542070569	{20}{27}
776	0	DEMO_1_SHUFFLE	1.1095053195230324	-0.014690873402304603	0.8680238678673277	0.6373171617514437	{20}{28}
777	0	DEMO_1_SHUFFLE	1.0167859029890698	0.028432115806645942	-1.1336503741430206	0.6954333051902558	{21}{21}
778	0	DEMO_1_SHUFFLE	0.6458053661024981	0.006276935981768298	-0.32591668199134505	1.0949224306605099	{21}{22}
779	0	DEMO_1_SHUFFLE	1.1244624828727539	0.0036772124100275506	-2.900805338595786	0.6288398163183226	{21}{23}
780	0	DEMO_1_SHUFFLE	1.1455139180787866	-0.01000426367720479	10.071332038241362	0.6172834480898152	{21}{24}
781	0	DEMO_1_SHUFFLE	1.0215796196062872	0.004185572419570263	-2.1728739614131816	0.7753456036097617	{21}{25}
782	0	DEMO_1_SHUFFLE	1.1539204511420922	-0.002212718705860896	0.8258925034750725	0.6127864191042713	{21}{26}
783	0	DEMO_1_SHUFFLE	5.85154782323783	-0.016606684318729824	-0.9271468323858238	0.9210823222360263	{21}{27}
784	0	DEMO_1_SHUFFLE	0.8055932239636504	-0.0026611864689747066	-0.9413036733307341	0.8777466842477479	{21}{28}
785	0	DEMO_1_SHUFFLE	3.2284965604742206	-8.584691579652008E-4	-1.461020418165842	0.6524115097205011	{22}{22}
786	0	DEMO_1_SHUFFLE	2.851651160514974	-0.0025635696025644306	-1.3120103656403441	0.9749434476561225	{22}{23}
787	0	DEMO_1_SHUFFLE	0.9825474148622828	0.013649679639859223	1.633639880833545	0.7196668277689764	{22}{24}
788	0	DEMO_1_SHUFFLE	1.982714618111315	-0.001113666490168928	-2.2273639910968326	0.8943341944674311	{22}{25}
789	0	DEMO_1_SHUFFLE	1.0280165679170112	-0.005403691649998321	1.836258012954373	0.687835977798784	{22}{26}
790	0	DEMO_1_SHUFFLE	1.150084971061985	-0.01152670969871256	-1.1675697892856014	0.6148300334136244	{22}{27}
791	0	DEMO_1_SHUFFLE	1.1262307966759675	0.036921499344968474	-0.9599713024891118	0.6278524644092042	{22}{28}
792	0	DEMO_1_SHUFFLE	1.0860845787515645	0.0035008218626672695	1.589322411831762	0.6510605113271699	{23}{23}
793	0	DEMO_1_SHUFFLE	2.5769093924845388	-0.0028300171846474135	-7.97174877365637	1.1782651824822044	{23}{24}
794	0	DEMO_1_SHUFFLE	2.5294590869960354	-5.027519955622314E-4	-4.439838104496924	1.1034029717533769	{23}{25}
795	0	DEMO_1_SHUFFLE	1.6868207934091244	-0.026553145951141197	0.011659029807104903	0.7994088077401893	{23}{26}
796	0	DEMO_1_SHUFFLE	1.1403255139006983	-0.021308201429824158	0.5314435200782006	0.6200920461454517	{23}{27}
797	0	DEMO_1_SHUFFLE	1.9476571456561074	-0.012676081344225654	-0.10356156123090784	0.8895021641708135	{23}{28}
798	0	DEMO_1_SHUFFLE	2.6710991781391384	0.0018611481245380404	-0.9031450968359204	0.6292050239670971	{24}{24}
799	0	DEMO_1_SHUFFLE	3.208499717706012	-0.01585602919366573	-4.48994225776288	0.7003035691764226	{24}{25}
800	0	DEMO_1_SHUFFLE	0.804131013444738	0.0037837574033404513	1.025907964423288	0.8793427555510417	{24}{26}
801	0	DEMO_1_SHUFFLE	0.9975526344640324	0.02352276042390854	-1.6931990493221694	0.7088415756292034	{24}{27}
802	0	DEMO_1_SHUFFLE	1.9464097256396347	0.007846614857690113	-1.443013172778157	0.8047655434502592	{24}{28}
803	0	DEMO_1_SHUFFLE	1.5373375003445926	0.010351758989904382	-0.061205862316996075	0.6848605728957531	{25}{25}
804	0	DEMO_1_SHUFFLE	1.0588869240146261	0.0165460030194225	0.29019876255165455	0.6677830891571009	{25}{26}
805	0	DEMO_1_SHUFFLE	1.0231127429496774	0.009253437280303284	-0.6773814256464454	0.6911328062906623	{25}{27}
806	0	DEMO_1_SHUFFLE	2.2576431616736663	-0.005630335900892891	0.07000522455229619	0.6717831010478723	{25}{28}
807	0	DEMO_1_SHUFFLE	1.3443405351423432	0.01420558651685237	-1.9511654770343105	0.707718232821179	{26}{26}
808	0	DEMO_1_SHUFFLE	1.1544621948987508	0.009186813753477317	0.26087629811229446	0.6124988625102293	{26}{27}
809	0	DEMO_1_SHUFFLE	4.568761828275699	-0.0057912695400840885	-0.4183219028560095	0.810608992749021	{26}{28}
810	0	DEMO_1_SHUFFLE	3.53284223555142	-0.0195497392453927	0.20482474789168673	0.7113714206581364	{27}{27}
811	0	DEMO_1_SHUFFLE	1.1525780876128349	-0.014418973733400658	-0.7190867331036154	0.6135001079632475	{27}{28}
812	0	DEMO_1_SHUFFLE	11.293022191750918	-0.011272468125375976	-1.1855940181137428	1.0621520728301455	{28}{28}
