1	0	DEMO_1_RAW	1.7283984528278982	0.9815825760484708	67.30582900950772	1.1755415511117364	{1 (stdv=1.0;mw=0.0)}{1 (stdv=1.0;mw=0.0)}
2	0	DEMO_1_RAW	1.3395276874963642	0.3716745236318243	18.970516613130318	1.1115945209992142	{1 (stdv=1.0;mw=0.0)}{2 (stdv=1.0;mw=0.0)}
3	0	DEMO_1_RAW	1.4014751956302083	0.49721584048791173	21.853455031975127	1.1200624377882376	{1 (stdv=1.0;mw=0.0)}{3 (stdv=1.0;mw=0.0)}
4	0	DEMO_1_RAW	1.756611585838102	0.15106880041865414	15.902874046179974	1.181317514280962	{1 (stdv=1.0;mw=0.0)}{4 (stdv=1.0;mw=0.0)}
5	0	DEMO_1_RAW	1.3470561982956926	0.4629343931061132	75.63243655801153	1.1125931335668295	{1 (stdv=1.0;mw=0.0)}{5 (stdv=1.0;mw=0.0)}
6	0	DEMO_1_RAW	524.6549584728913	-0.5644968335843086	-19.56261786521147	1.2720896446274657	{1 (stdv=1.0;mw=0.0)}{6 (stdv=1.0;mw=0.0)}
7	0	DEMO_1_RAW	0.6977640231095456	0.6808119935536426	30.61860191874489	1.052244239945063	{1 (stdv=1.0;mw=0.0)}{7 (stdv=1.0;mw=0.0)}
8	0	DEMO_1_RAW	1.4927573987466476	0.34675194412510774	30.327733130851037	1.1336313878222797	{1 (stdv=1.0;mw=0.0)}{8 (stdv=1.0;mw=0.0)}
9	0	DEMO_1_RAW	1.538629045193738	0.412613958555037	11.277517369268722	1.1409743008636235	{1 (stdv=1.0;mw=0.0)}{9 (stdv=1.0;mw=0.0)}
10	0	DEMO_1_RAW	1.9050356567163695	0.011690994702003674	-0.15868439706447732	1.2148556330490734	{1 (stdv=1.0;mw=0.0)}{10 (stdv=1.0;mw=0.0)}
11	0	DEMO_1_RAW	1.8471364847878982	0.43203226068417555	68.63232843428088	1.2011097528652235	{1 (stdv=1.0;mw=0.0)}{11 (stdv=1.0;mw=0.0)}
12	0	DEMO_1_RAW	1.309112518804012	0.1440983733062064	6.472574789501946	1.1076436248715134	{1 (stdv=1.0;mw=0.0)}{12 (stdv=1.0;mw=0.0)}
13	0	DEMO_1_RAW	1.1319841505280086	0.34584881810963636	137.68493528967815	1.0871347097211528	{1 (stdv=1.0;mw=0.0)}{13 (stdv=1.0;mw=0.0)}
14	0	DEMO_1_RAW	23.50599783315514	-0.0888958771222918	-5.449355105528663	1.1547447643304514	{1 (stdv=1.0;mw=0.0)}{14 (stdv=1.0;mw=0.0)}
15	0	DEMO_1_RAW	142.24937411134604	-0.4184555850638449	-15.338391344737566	1.151394658101942	{1 (stdv=1.0;mw=0.0)}{15 (stdv=1.0;mw=0.0)}
16	0	DEMO_1_RAW	0.828759571446038	0.5208317118974468	25.511690210105076	1.0607084982958384	{1 (stdv=1.0;mw=0.0)}{16 (stdv=1.0;mw=0.0)}
17	0	DEMO_1_RAW	1.605872523869344	0.23165628708106376	14.105991447709037	1.1524185997621474	{1 (stdv=1.0;mw=0.0)}{17 (stdv=1.0;mw=0.0)}
18	0	DEMO_1_RAW	0.8750091180686498	0.37957431274726494	28.575635384256838	1.064100444826887	{1 (stdv=1.0;mw=0.0)}{18 (stdv=1.0;mw=0.0)}
19	0	DEMO_1_RAW	43.94322728240381	-0.07079321405778131	-2.392395829950656	1.0576423009637048	{1 (stdv=1.0;mw=0.0)}{19 (stdv=1.0;mw=0.0)}
20	0	DEMO_1_RAW	43.94322728240381	-0.07079321405778131	-6.539414118415156	1.0576423009637048	{1 (stdv=1.0;mw=0.0)}{20 (stdv=1.0;mw=0.0)}
21	0	DEMO_1_RAW	1.6627108612744417	0.9831365194103124	80.86843132409204	1.1627631667330274	{2 (stdv=1.0;mw=0.0)}{2 (stdv=1.0;mw=0.0)}
22	0	DEMO_1_RAW	1.6093247123831673	0.9185069008501089	41.80956033462347	1.1530288967302837	{2 (stdv=1.0;mw=0.0)}{3 (stdv=1.0;mw=0.0)}
23	0	DEMO_1_RAW	18.219509439647137	-0.049940508089239326	-1.6418389963221878	1.1071502783649265	{2 (stdv=1.0;mw=0.0)}{4 (stdv=1.0;mw=0.0)}
24	0	DEMO_1_RAW	1.3652980740315757	0.8878373490193341	55.06995556620755	1.1150474108946724	{2 (stdv=1.0;mw=0.0)}{5 (stdv=1.0;mw=0.0)}
25	0	DEMO_1_RAW	148.56148036702882	-0.13919993548180162	-8.62661381934749	1.1423420506281523	{2 (stdv=1.0;mw=0.0)}{6 (stdv=1.0;mw=0.0)}
26	0	DEMO_1_RAW	1.087390914058834	0.11770210632344233	5.904880688287134	1.082598549563999	{2 (stdv=1.0;mw=0.0)}{7 (stdv=1.0;mw=0.0)}
27	0	DEMO_1_RAW	1.0007624606123242	0.03805630205935513	2.1551142111463566	1.074452161875642	{2 (stdv=1.0;mw=0.0)}{8 (stdv=1.0;mw=0.0)}
28	0	DEMO_1_RAW	0.8759893427565979	0.7492716276921849	62.91628162156977	1.0641746899880784	{2 (stdv=1.0;mw=0.0)}{9 (stdv=1.0;mw=0.0)}
29	0	DEMO_1_RAW	1.4176921747684605	0.5891075792259588	57.673817940226584	1.1223756993854226	{2 (stdv=1.0;mw=0.0)}{10 (stdv=1.0;mw=0.0)}
30	0	DEMO_1_RAW	1.3496198167626985	0.11536474769167498	12.749295984091146	1.1129350774949756	{2 (stdv=1.0;mw=0.0)}{11 (stdv=1.0;mw=0.0)}
31	0	DEMO_1_RAW	1.6554179689552089	0.7226397811500264	117.31810909009776	1.1613999465708535	{2 (stdv=1.0;mw=0.0)}{12 (stdv=1.0;mw=0.0)}
32	0	DEMO_1_RAW	1.4909943981905094	0.942634383217058	144.1569657539611	1.1333563856620956	{2 (stdv=1.0;mw=0.0)}{13 (stdv=1.0;mw=0.0)}
33	0	DEMO_1_RAW	0.746934190131376	0.7196067784938982	49.58963648740421	1.0552278082823516	{2 (stdv=1.0;mw=0.0)}{14 (stdv=1.0;mw=0.0)}
34	0	DEMO_1_RAW	1.1175741676538222	0.22782152731686195	18.87484652943982	1.0856426732162163	{2 (stdv=1.0;mw=0.0)}{15 (stdv=1.0;mw=0.0)}
35	0	DEMO_1_RAW	1.4940009226719295	0.9424751703291243	42.899988696966695	1.1338256753307339	{2 (stdv=1.0;mw=0.0)}{16 (stdv=1.0;mw=0.0)}
36	0	DEMO_1_RAW	0.9960410759189218	0.7429161744705282	53.14375127308589	1.0740326203248922	{2 (stdv=1.0;mw=0.0)}{17 (stdv=1.0;mw=0.0)}
37	0	DEMO_1_RAW	1.527864555903862	0.9452907951296398	39.72319060801783	1.1392183068967805	{2 (stdv=1.0;mw=0.0)}{18 (stdv=1.0;mw=0.0)}
38	0	DEMO_1_RAW	1.1373500329146322	0.7303259656126935	24.956600701298076	1.0876967789695913	{2 (stdv=1.0;mw=0.0)}{19 (stdv=1.0;mw=0.0)}
39	0	DEMO_1_RAW	1.1373500329146322	0.7303259656126935	39.03864695929439	1.0876967789695913	{2 (stdv=1.0;mw=0.0)}{20 (stdv=1.0;mw=0.0)}
40	0	DEMO_1_RAW	1.6659718129849765	0.9869578362529458	32.74375894591419	1.1633762187824312	{3 (stdv=1.0;mw=0.0)}{3 (stdv=1.0;mw=0.0)}
41	0	DEMO_1_RAW	102.0396486198061	-0.1411344017736593	-10.522581069380825	1.1454615235404995	{3 (stdv=1.0;mw=0.0)}{4 (stdv=1.0;mw=0.0)}
42	0	DEMO_1_RAW	1.0953622780379457	0.8998096732217813	24.398744476157376	1.0833919276959203	{3 (stdv=1.0;mw=0.0)}{5 (stdv=1.0;mw=0.0)}
43	0	DEMO_1_RAW	202.46254575838736	-0.2723409707014332	-15.302112138943503	1.2106417532884481	{3 (stdv=1.0;mw=0.0)}{6 (stdv=1.0;mw=0.0)}
44	0	DEMO_1_RAW	1.293308951399769	0.1942159586625905	12.09067695292202	1.1056427573536556	{3 (stdv=1.0;mw=0.0)}{7 (stdv=1.0;mw=0.0)}
45	0	DEMO_1_RAW	77.73774069497036	-0.10309192854446182	-4.607149750764084	1.0893020003258338	{3 (stdv=1.0;mw=0.0)}{8 (stdv=1.0;mw=0.0)}
46	0	DEMO_1_RAW	0.6621632948869133	0.7253736027177754	48.90473244441177	1.0502252399368552	{3 (stdv=1.0;mw=0.0)}{9 (stdv=1.0;mw=0.0)}
47	0	DEMO_1_RAW	1.4151624585797236	0.5245087167604799	175.68487761944073	1.12201215015051	{3 (stdv=1.0;mw=0.0)}{10 (stdv=1.0;mw=0.0)}
48	0	DEMO_1_RAW	1.5101768663011619	0.020101156632622866	3.967655505216678	1.1363769750392545	{3 (stdv=1.0;mw=0.0)}{11 (stdv=1.0;mw=0.0)}
49	0	DEMO_1_RAW	1.6152167058677767	0.8086283804116012	43.345597074818635	1.1540757971858597	{3 (stdv=1.0;mw=0.0)}{12 (stdv=1.0;mw=0.0)}
50	0	DEMO_1_RAW	1.2542498463625014	0.9202964030003223	164.13300471953627	1.100846293546277	{3 (stdv=1.0;mw=0.0)}{13 (stdv=1.0;mw=0.0)}
51	0	DEMO_1_RAW	1.2759335902158722	0.626303840506567	58.472641452655196	1.1034831590929253	{3 (stdv=1.0;mw=0.0)}{14 (stdv=1.0;mw=0.0)}
52	0	DEMO_1_RAW	1.4978501999793095	0.22654277576730994	45.96007817332969	1.1344287455135749	{3 (stdv=1.0;mw=0.0)}{15 (stdv=1.0;mw=0.0)}
53	0	DEMO_1_RAW	1.2530360337839346	0.9611033849192776	44.72185728441695	1.1007005757034052	{3 (stdv=1.0;mw=0.0)}{16 (stdv=1.0;mw=0.0)}
54	0	DEMO_1_RAW	1.2709868434303302	0.7753656819013763	109.3394932819078	1.1028759517218756	{3 (stdv=1.0;mw=0.0)}{17 (stdv=1.0;mw=0.0)}
55	0	DEMO_1_RAW	1.3361267873837228	0.9394307432009886	49.79412642681509	1.1111461229807085	{3 (stdv=1.0;mw=0.0)}{18 (stdv=1.0;mw=0.0)}
56	0	DEMO_1_RAW	1.3335166233592848	0.6206461237593658	66.63439114804044	1.110803120802132	{3 (stdv=1.0;mw=0.0)}{19 (stdv=1.0;mw=0.0)}
57	0	DEMO_1_RAW	1.3335166233592848	0.6206461237593658	22.868076516383326	1.110803120802132	{3 (stdv=1.0;mw=0.0)}{20 (stdv=1.0;mw=0.0)}
58	0	DEMO_1_RAW	1.6951187917671604	0.9753017278774722	27.375899236127005	1.1689533646391643	{4 (stdv=1.0;mw=0.0)}{4 (stdv=1.0;mw=0.0)}
59	0	DEMO_1_RAW	62.28108224489732	-0.028234605668263957	-3.902067440806811	1.1870677072233904	{4 (stdv=1.0;mw=0.0)}{5 (stdv=1.0;mw=0.0)}
60	0	DEMO_1_RAW	1.2769118023952686	0.030300004775774263	3.625507912239081	1.1036036319620224	{4 (stdv=1.0;mw=0.0)}{6 (stdv=1.0;mw=0.0)}
61	0	DEMO_1_RAW	0.8081329678978771	0.5279307815381656	59.743972227496386	1.0592650134349162	{4 (stdv=1.0;mw=0.0)}{7 (stdv=1.0;mw=0.0)}
62	0	DEMO_1_RAW	0.9844251513466884	0.6325025347602654	39.53421860808572	1.0730109352870483	{4 (stdv=1.0;mw=0.0)}{8 (stdv=1.0;mw=0.0)}
63	0	DEMO_1_RAW	1.0681259922037192	0.3132559140624021	21.75453966734867	1.0807120872946114	{4 (stdv=1.0;mw=0.0)}{9 (stdv=1.0;mw=0.0)}
64	0	DEMO_1_RAW	1.4311138428347292	0.3550700526098507	24.47642529167249	1.1243213987423342	{4 (stdv=1.0;mw=0.0)}{10 (stdv=1.0;mw=0.0)}
65	0	DEMO_1_RAW	0.784578825778695	0.7794071638481378	40.24202655162728	1.0576680359112065	{4 (stdv=1.0;mw=0.0)}{11 (stdv=1.0;mw=0.0)}
66	0	DEMO_1_RAW	45.519501697754684	-0.10220340943230026	-9.1603589152895	1.1597861053581873	{4 (stdv=1.0;mw=0.0)}{12 (stdv=1.0;mw=0.0)}
67	0	DEMO_1_RAW	2.0440035849326397	0.005417798342482914	0.8752753643122808	1.1239526734705925	{4 (stdv=1.0;mw=0.0)}{13 (stdv=1.0;mw=0.0)}
68	0	DEMO_1_RAW	1.0362379191006987	0.11571959085207482	4.108726508319428	1.0776843756118657	{4 (stdv=1.0;mw=0.0)}{14 (stdv=1.0;mw=0.0)}
69	0	DEMO_1_RAW	82.41419641269509	-0.08451126715555748	-8.068999368497323	1.0590956422485498	{4 (stdv=1.0;mw=0.0)}{15 (stdv=1.0;mw=0.0)}
70	0	DEMO_1_RAW	33.09335560025827	-0.041280247449584355	-5.310962979660988	1.1216953997645254	{4 (stdv=1.0;mw=0.0)}{16 (stdv=1.0;mw=0.0)}
71	0	DEMO_1_RAW	0.9216912232305646	0.11212305747312527	18.64832475800417	1.0677468528502772	{4 (stdv=1.0;mw=0.0)}{17 (stdv=1.0;mw=0.0)}
72	0	DEMO_1_RAW	10.150411529327195	-0.014916953145903153	-6.091456560599343	1.1001205835351207	{4 (stdv=1.0;mw=0.0)}{18 (stdv=1.0;mw=0.0)}
73	0	DEMO_1_RAW	39.27974271596642	-0.10342759687215175	-7.023393054086637	1.1006767962658162	{4 (stdv=1.0;mw=0.0)}{19 (stdv=1.0;mw=0.0)}
74	0	DEMO_1_RAW	39.27974271596642	-0.10342759687215175	-17.11813909112936	1.1006767962658162	{4 (stdv=1.0;mw=0.0)}{20 (stdv=1.0;mw=0.0)}
75	0	DEMO_1_RAW	1.8489677956251098	0.9688693097648401	30.21469941010102	1.201531008980548	{5 (stdv=1.0;mw=0.0)}{5 (stdv=1.0;mw=0.0)}
76	0	DEMO_1_RAW	79.24184276542296	-0.12813067445246618	-8.31276284426279	1.2108117444059443	{5 (stdv=1.0;mw=0.0)}{6 (stdv=1.0;mw=0.0)}
77	0	DEMO_1_RAW	0.9966087587583539	0.26512616120194227	19.213425258059075	1.0740829336608602	{5 (stdv=1.0;mw=0.0)}{7 (stdv=1.0;mw=0.0)}
78	0	DEMO_1_RAW	1.3577139259673556	0.03346257431392657	1.8742978778553285	1.1140210506126635	{5 (stdv=1.0;mw=0.0)}{8 (stdv=1.0;mw=0.0)}
79	0	DEMO_1_RAW	0.8412260332367565	0.6092324791313584	66.74406663976315	1.0616015069962548	{5 (stdv=1.0;mw=0.0)}{9 (stdv=1.0;mw=0.0)}
80	0	DEMO_1_RAW	1.5926821153515967	0.5218524846591812	13.587235459921752	1.1501076083406774	{5 (stdv=1.0;mw=0.0)}{10 (stdv=1.0;mw=0.0)}
81	0	DEMO_1_RAW	1.4263342765827913	0.07591500264900859	9.698571975919076	1.1236252561579863	{5 (stdv=1.0;mw=0.0)}{11 (stdv=1.0;mw=0.0)}
82	0	DEMO_1_RAW	1.5432505157319703	0.7218696477852462	53.116103625183364	1.1417344883734977	{5 (stdv=1.0;mw=0.0)}{12 (stdv=1.0;mw=0.0)}
83	0	DEMO_1_RAW	1.5626428424518275	0.9069266495366229	67.9308433827556	1.144966076946967	{5 (stdv=1.0;mw=0.0)}{13 (stdv=1.0;mw=0.0)}
84	0	DEMO_1_RAW	0.8730205757934109	0.5115480518900407	15.456390312796767	1.0639501296243115	{5 (stdv=1.0;mw=0.0)}{14 (stdv=1.0;mw=0.0)}
85	0	DEMO_1_RAW	1.2802884130724634	0.2400868096762622	18.08083267812698	1.1040204960935407	{5 (stdv=1.0;mw=0.0)}{15 (stdv=1.0;mw=0.0)}
86	0	DEMO_1_RAW	1.5691426384078604	0.9275332043197844	128.65376802571794	1.1460644695785893	{5 (stdv=1.0;mw=0.0)}{16 (stdv=1.0;mw=0.0)}
87	0	DEMO_1_RAW	1.1814270535989673	0.6071251035358262	73.89312025723426	1.0924490056988363	{5 (stdv=1.0;mw=0.0)}{17 (stdv=1.0;mw=0.0)}
88	0	DEMO_1_RAW	1.5383327908570334	0.8982977003087318	37.05239198458582	1.1409256993166843	{5 (stdv=1.0;mw=0.0)}{18 (stdv=1.0;mw=0.0)}
89	0	DEMO_1_RAW	1.268405471022504	0.6483017407075201	33.56390096354951	1.1025604240242424	{5 (stdv=1.0;mw=0.0)}{19 (stdv=1.0;mw=0.0)}
90	0	DEMO_1_RAW	1.268405471022504	0.6483017407075201	26.70271381617246	1.1025604240242424	{5 (stdv=1.0;mw=0.0)}{20 (stdv=1.0;mw=0.0)}
91	0	DEMO_1_RAW	1.6654902800030347	0.9762663063634777	46.15263644201862	1.1632855549404035	{6 (stdv=1.0;mw=0.0)}{6 (stdv=1.0;mw=0.0)}
92	0	DEMO_1_RAW	219.7202574277687	-0.36637266415581354	-29.346262712875035	1.1041772276532473	{6 (stdv=1.0;mw=0.0)}{7 (stdv=1.0;mw=0.0)}
93	0	DEMO_1_RAW	1.2642254220515712	0.04162936684250021	12.09659970096593	1.1020514178236922	{6 (stdv=1.0;mw=0.0)}{8 (stdv=1.0;mw=0.0)}
94	0	DEMO_1_RAW	453.052355208722	-0.27336713324171896	-20.777430617553186	1.06361105909215	{6 (stdv=1.0;mw=0.0)}{9 (stdv=1.0;mw=0.0)}
95	0	DEMO_1_RAW	1.0635933718772173	0.08707780016612744	2.5985173680662426	1.0802745560961633	{6 (stdv=1.0;mw=0.0)}{10 (stdv=1.0;mw=0.0)}
96	0	DEMO_1_RAW	240.60597055604242	-0.12269052472751227	-5.042576088548946	1.150896272158083	{6 (stdv=1.0;mw=0.0)}{11 (stdv=1.0;mw=0.0)}
97	0	DEMO_1_RAW	54.042534223584056	-0.14317011274067512	-6.819910532939218	1.1286242808987017	{6 (stdv=1.0;mw=0.0)}{12 (stdv=1.0;mw=0.0)}
98	0	DEMO_1_RAW	110.07562283707531	-0.11753771092410804	-13.454432133915319	1.0611356168967139	{6 (stdv=1.0;mw=0.0)}{13 (stdv=1.0;mw=0.0)}
99	0	DEMO_1_RAW	6.724850392282409	-0.01139077629619269	-0.5341504160702105	1.1233334532303776	{6 (stdv=1.0;mw=0.0)}{14 (stdv=1.0;mw=0.0)}
100	0	DEMO_1_RAW	1.5671515707133363	0.37675646660717144	17.159326928572725	1.1457271809934904	{6 (stdv=1.0;mw=0.0)}{15 (stdv=1.0;mw=0.0)}
101	0	DEMO_1_RAW	313.87837607401656	-0.22636631322255457	-10.697921193313789	1.0780185137808709	{6 (stdv=1.0;mw=0.0)}{16 (stdv=1.0;mw=0.0)}
102	0	DEMO_1_RAW	55.358826318740434	-0.23232572919798689	-9.18100146000248	1.1275349307935019	{6 (stdv=1.0;mw=0.0)}{17 (stdv=1.0;mw=0.0)}
103	0	DEMO_1_RAW	182.1169787021689	-0.1734042647467165	-6.835740855507979	1.0794879151330927	{6 (stdv=1.0;mw=0.0)}{18 (stdv=1.0;mw=0.0)}
104	0	DEMO_1_RAW	1.373464559543832	0.32271219801762535	28.492741030884307	1.1161621774158406	{6 (stdv=1.0;mw=0.0)}{19 (stdv=1.0;mw=0.0)}
105	0	DEMO_1_RAW	1.373464559543832	0.32271219801762535	9.253677916700823	1.1161621774158406	{6 (stdv=1.0;mw=0.0)}{20 (stdv=1.0;mw=0.0)}
106	0	DEMO_1_RAW	1.6626273418993014	0.9751653645992735	129.53349660697003	1.1627474937557483	{7 (stdv=1.0;mw=0.0)}{7 (stdv=1.0;mw=0.0)}
107	0	DEMO_1_RAW	1.225665632570499	0.3020890584950508	46.68749345811002	1.0974671753532301	{7 (stdv=1.0;mw=0.0)}{8 (stdv=1.0;mw=0.0)}
108	0	DEMO_1_RAW	1.2282478119141265	0.27263151168591887	16.571387184038723	1.0977679645305742	{7 (stdv=1.0;mw=0.0)}{9 (stdv=1.0;mw=0.0)}
109	0	DEMO_1_RAW	10.918087737174105	-0.012484927773914283	0.6391238400038807	1.0858580342985018	{7 (stdv=1.0;mw=0.0)}{10 (stdv=1.0;mw=0.0)}
110	0	DEMO_1_RAW	1.1833936957014002	0.5674311264528802	13.778469286740382	1.0926667367305065	{7 (stdv=1.0;mw=0.0)}{11 (stdv=1.0;mw=0.0)}
111	0	DEMO_1_RAW	0.8901450288803519	0.0821213137506686	44.333256346716944	1.0652579172558752	{7 (stdv=1.0;mw=0.0)}{12 (stdv=1.0;mw=0.0)}
112	0	DEMO_1_RAW	0.8211474637305629	0.1252331575149636	6.023566727329562	1.0601708655846127	{7 (stdv=1.0;mw=0.0)}{13 (stdv=1.0;mw=0.0)}
113	0	DEMO_1_RAW	90.96741033133961	-0.10076727664589558	-9.611573192539197	1.1088320567629384	{7 (stdv=1.0;mw=0.0)}{14 (stdv=1.0;mw=0.0)}
114	0	DEMO_1_RAW	258.93480292338774	-0.1824586473995097	-106.80259623124634	1.0573863548522726	{7 (stdv=1.0;mw=0.0)}{15 (stdv=1.0;mw=0.0)}
115	0	DEMO_1_RAW	0.8984350396377271	0.24791320065250308	43.52260542938147	1.0659019158361112	{7 (stdv=1.0;mw=0.0)}{16 (stdv=1.0;mw=0.0)}
116	0	DEMO_1_RAW	1.431302154661619	0.17500413326189487	11.745834154352128	1.124348900543605	{7 (stdv=1.0;mw=0.0)}{17 (stdv=1.0;mw=0.0)}
117	0	DEMO_1_RAW	0.7885687903367649	0.13411365868455583	8.783854187826124	1.0579347305719105	{7 (stdv=1.0;mw=0.0)}{18 (stdv=1.0;mw=0.0)}
118	0	DEMO_1_RAW	28.594129715426345	-0.13137391304161886	-5.201034200487048	1.1045855252871757	{7 (stdv=1.0;mw=0.0)}{19 (stdv=1.0;mw=0.0)}
119	0	DEMO_1_RAW	28.594129715426345	-0.13137391304161886	-6.925039338170519	1.1045855252871757	{7 (stdv=1.0;mw=0.0)}{20 (stdv=1.0;mw=0.0)}
120	0	DEMO_1_RAW	1.7430642180730307	0.9881981955587527	101.94808421360409	1.1785217392575777	{8 (stdv=1.0;mw=0.0)}{8 (stdv=1.0;mw=0.0)}
121	0	DEMO_1_RAW	1.1998366116055241	0.230125854312721	18.173211187713353	1.0945065224277757	{8 (stdv=1.0;mw=0.0)}{9 (stdv=1.0;mw=0.0)}
122	0	DEMO_1_RAW	0.833887618021654	0.18928854424060815	21.08296356050677	1.0610739483546698	{8 (stdv=1.0;mw=0.0)}{10 (stdv=1.0;mw=0.0)}
123	0	DEMO_1_RAW	1.207514861779508	0.7938323062627742	67.00255058211037	1.0953775631250178	{8 (stdv=1.0;mw=0.0)}{11 (stdv=1.0;mw=0.0)}
124	0	DEMO_1_RAW	218.87678449490002	-0.39990355232845887	-13.11055509793308	1.095450772625372	{8 (stdv=1.0;mw=0.0)}{12 (stdv=1.0;mw=0.0)}
125	0	DEMO_1_RAW	1.6216906643012523	0.016504107116881873	2.3822635078678243	1.1552338274197764	{8 (stdv=1.0;mw=0.0)}{13 (stdv=1.0;mw=0.0)}
126	0	DEMO_1_RAW	278.8612117248983	-0.1710387668674876	-26.243648491586733	1.0819746025665844	{8 (stdv=1.0;mw=0.0)}{14 (stdv=1.0;mw=0.0)}
127	0	DEMO_1_RAW	897.9912296244561	-0.5587986243428348	-27.84289884152018	1.076424365618367	{8 (stdv=1.0;mw=0.0)}{15 (stdv=1.0;mw=0.0)}
128	0	DEMO_1_RAW	0.7539950874364888	0.04489641625035761	2.604170104772229	1.0556751076728155	{8 (stdv=1.0;mw=0.0)}{16 (stdv=1.0;mw=0.0)}
129	0	DEMO_1_RAW	136.27903285672676	-0.23700000688380946	-15.464979467522905	1.115343281786134	{8 (stdv=1.0;mw=0.0)}{17 (stdv=1.0;mw=0.0)}
130	0	DEMO_1_RAW	1.281657167981445	0.005141629788724033	0.3805023640645574	1.104189926125517	{8 (stdv=1.0;mw=0.0)}{18 (stdv=1.0;mw=0.0)}
131	0	DEMO_1_RAW	102.35287999217122	-0.15997509827774875	-11.990650540872464	1.1044584316638093	{8 (stdv=1.0;mw=0.0)}{19 (stdv=1.0;mw=0.0)}
132	0	DEMO_1_RAW	102.35287999217122	-0.15997509827774875	-6.818000128633074	1.1044584316638093	{8 (stdv=1.0;mw=0.0)}{20 (stdv=1.0;mw=0.0)}
133	0	DEMO_1_RAW	1.6611843591213789	0.9835179556406763	97.33071096964052	1.1624769324914408	{9 (stdv=1.0;mw=0.0)}{9 (stdv=1.0;mw=0.0)}
134	0	DEMO_1_RAW	1.5533357675703938	0.7417910453135182	166.6617081972683	1.143406664444329	{9 (stdv=1.0;mw=0.0)}{10 (stdv=1.0;mw=0.0)}
135	0	DEMO_1_RAW	1.1554700447750288	0.37405279594184576	23.693274225414793	1.0896210520510556	{9 (stdv=1.0;mw=0.0)}{11 (stdv=1.0;mw=0.0)}
136	0	DEMO_1_RAW	1.4240817789098765	0.5950944652701854	81.5767266404382	1.1232984343715002	{9 (stdv=1.0;mw=0.0)}{12 (stdv=1.0;mw=0.0)}
137	0	DEMO_1_RAW	0.8509182426131402	0.7887087021129973	143.4672041851151	1.0623065907123206	{9 (stdv=1.0;mw=0.0)}{13 (stdv=1.0;mw=0.0)}
138	0	DEMO_1_RAW	1.337655215879491	0.6693719371762205	73.04754603045964	1.111347433323235	{9 (stdv=1.0;mw=0.0)}{14 (stdv=1.0;mw=0.0)}
139	0	DEMO_1_RAW	1.268672297174652	0.027247111761194983	1.0570757959409118	1.1025929965956434	{9 (stdv=1.0;mw=0.0)}{15 (stdv=1.0;mw=0.0)}
140	0	DEMO_1_RAW	0.8893740402808006	0.759717091316204	36.85957919920325	1.0651983864259897	{9 (stdv=1.0;mw=0.0)}{16 (stdv=1.0;mw=0.0)}
141	0	DEMO_1_RAW	0.7886461313168303	0.7827857664985058	43.31538350303996	1.0579399155125737	{9 (stdv=1.0;mw=0.0)}{17 (stdv=1.0;mw=0.0)}
142	0	DEMO_1_RAW	1.0100055924495133	0.7595494928867298	31.566056818115896	1.0752806912636272	{9 (stdv=1.0;mw=0.0)}{18 (stdv=1.0;mw=0.0)}
143	0	DEMO_1_RAW	1.4206738129339838	0.4745765015740505	76.02911343033804	1.1228054840588984	{9 (stdv=1.0;mw=0.0)}{19 (stdv=1.0;mw=0.0)}
144	0	DEMO_1_RAW	1.4206738129339838	0.4745765015740505	19.984267752504334	1.1228054840588984	{9 (stdv=1.0;mw=0.0)}{20 (stdv=1.0;mw=0.0)}
145	0	DEMO_1_RAW	1.7839792160431633	0.9714372653380268	144.10341069980004	1.187093852508808	{10 (stdv=1.0;mw=0.0)}{10 (stdv=1.0;mw=0.0)}
146	0	DEMO_1_RAW	0.7865876533911116	0.22761626794642847	8.684981448788951	1.0578021143725953	{10 (stdv=1.0;mw=0.0)}{11 (stdv=1.0;mw=0.0)}
147	0	DEMO_1_RAW	1.1855564523924085	0.5576891776411678	35.00357540694359	1.0929067488970186	{10 (stdv=1.0;mw=0.0)}{12 (stdv=1.0;mw=0.0)}
148	0	DEMO_1_RAW	1.2585120350013033	0.6683899435003097	90.50761091721239	1.1013595461090346	{10 (stdv=1.0;mw=0.0)}{13 (stdv=1.0;mw=0.0)}
149	0	DEMO_1_RAW	1.5216413986197201	0.621280998117877	69.28567948920657	1.138212420203471	{10 (stdv=1.0;mw=0.0)}{14 (stdv=1.0;mw=0.0)}
150	0	DEMO_1_RAW	1.1561632354327511	0.24857308781643841	14.870718319250997	1.089695474853047	{10 (stdv=1.0;mw=0.0)}{15 (stdv=1.0;mw=0.0)}
151	0	DEMO_1_RAW	1.5302556655159234	0.5631487138577511	186.9084879774634	1.1396066005832113	{10 (stdv=1.0;mw=0.0)}{16 (stdv=1.0;mw=0.0)}
152	0	DEMO_1_RAW	1.503925520033431	0.6222607073470835	55.638737901947856	1.1353857010450845	{10 (stdv=1.0;mw=0.0)}{17 (stdv=1.0;mw=0.0)}
153	0	DEMO_1_RAW	1.5200742673876015	0.6266551817217847	143.7973514812987	1.137960180768182	{10 (stdv=1.0;mw=0.0)}{18 (stdv=1.0;mw=0.0)}
154	0	DEMO_1_RAW	0.9070299811730312	0.5136839117543288	40.95127583266032	1.066577158220333	{10 (stdv=1.0;mw=0.0)}{19 (stdv=1.0;mw=0.0)}
155	0	DEMO_1_RAW	0.9070299811730312	0.5136839117543288	64.76270343569131	1.066577158220333	{10 (stdv=1.0;mw=0.0)}{20 (stdv=1.0;mw=0.0)}
156	0	DEMO_1_RAW	1.6791656121173393	0.9783364600415748	53.95758211359903	1.1658789110563235	{11 (stdv=1.0;mw=0.0)}{11 (stdv=1.0;mw=0.0)}
157	0	DEMO_1_RAW	599.7486044522897	-0.18158225710868842	-10.45137355682757	1.2194517434423098	{11 (stdv=1.0;mw=0.0)}{12 (stdv=1.0;mw=0.0)}
158	0	DEMO_1_RAW	1.6591770011264781	0.10169576642810531	6.633393291070982	1.1621012542201754	{11 (stdv=1.0;mw=0.0)}{13 (stdv=1.0;mw=0.0)}
159	0	DEMO_1_RAW	1.0250073157661286	0.05642427837197541	26.560972562152724	1.0766457888567418	{11 (stdv=1.0;mw=0.0)}{14 (stdv=1.0;mw=0.0)}
160	0	DEMO_1_RAW	298.4663225458269	-0.34727077243610177	-17.22276222755046	1.0618499346140053	{11 (stdv=1.0;mw=0.0)}{15 (stdv=1.0;mw=0.0)}
161	0	DEMO_1_RAW	1.7255777511033419	0.1498354536607057	21.05001506003378	1.1749738245867885	{11 (stdv=1.0;mw=0.0)}{16 (stdv=1.0;mw=0.0)}
162	0	DEMO_1_RAW	0.9947708647677574	0.047106799483279976	2.2873472520221543	1.0739201717919393	{11 (stdv=1.0;mw=0.0)}{17 (stdv=1.0;mw=0.0)}
163	0	DEMO_1_RAW	1.5848567912897804	0.11452204539503116	22.716237592114275	1.1487520951409733	{11 (stdv=1.0;mw=0.0)}{18 (stdv=1.0;mw=0.0)}
164	0	DEMO_1_RAW	28.40998239119915	-0.08061425542403644	-2.637657635957675	1.0885081980964608	{11 (stdv=1.0;mw=0.0)}{19 (stdv=1.0;mw=0.0)}
165	0	DEMO_1_RAW	28.40998239119915	-0.08061425542403644	-3.5310611674570453	1.0885081980964608	{11 (stdv=1.0;mw=0.0)}{20 (stdv=1.0;mw=0.0)}
166	0	DEMO_1_RAW	1.6696736313087603	0.9829934712578305	84.62553247854582	1.1640747888774274	{12 (stdv=1.0;mw=0.0)}{12 (stdv=1.0;mw=0.0)}
167	0	DEMO_1_RAW	1.4510467001625889	0.8151118817040641	225.72446194253106	1.1272639560540443	{12 (stdv=1.0;mw=0.0)}{13 (stdv=1.0;mw=0.0)}
168	0	DEMO_1_RAW	1.6094122588159057	0.6965360236187939	35.0928621835475	1.1530444033347589	{12 (stdv=1.0;mw=0.0)}{14 (stdv=1.0;mw=0.0)}
169	0	DEMO_1_RAW	1.2045813443812474	0.5476926172367319	44.166146784873625	1.0950438757620615	{12 (stdv=1.0;mw=0.0)}{15 (stdv=1.0;mw=0.0)}
170	0	DEMO_1_RAW	1.4826526174239658	0.7724311824858078	44.02952934384021	1.1320622888322633	{12 (stdv=1.0;mw=0.0)}{16 (stdv=1.0;mw=0.0)}
171	0	DEMO_1_RAW	1.1373029441993263	0.804940172606682	22.223512762141663	1.0876918311257406	{12 (stdv=1.0;mw=0.0)}{17 (stdv=1.0;mw=0.0)}
172	0	DEMO_1_RAW	1.4622128365994225	0.8161817400075485	72.977146989783	1.128940405154618	{12 (stdv=1.0;mw=0.0)}{18 (stdv=1.0;mw=0.0)}
173	0	DEMO_1_RAW	1.2198095817536385	0.5850655726573548	57.89601883729144	1.0967882797112232	{12 (stdv=1.0;mw=0.0)}{19 (stdv=1.0;mw=0.0)}
174	0	DEMO_1_RAW	1.2198095817536385	0.5850655726573548	35.79736374054042	1.0967882797112232	{12 (stdv=1.0;mw=0.0)}{20 (stdv=1.0;mw=0.0)}
175	0	DEMO_1_RAW	1.659845863633145	0.981694441177648	45.36224697380496	1.1622263413278613	{13 (stdv=1.0;mw=0.0)}{13 (stdv=1.0;mw=0.0)}
176	0	DEMO_1_RAW	0.9452767494182368	0.7134116418872817	73.13610619987277	1.0696762724363327	{13 (stdv=1.0;mw=0.0)}{14 (stdv=1.0;mw=0.0)}
177	0	DEMO_1_RAW	1.410845773322306	0.2832643637557995	6.069879454974121	1.1213941039212172	{13 (stdv=1.0;mw=0.0)}{15 (stdv=1.0;mw=0.0)}
178	0	DEMO_1_RAW	1.602458746858795	0.9405912956013023	270.93608902974995	1.1518173310994897	{13 (stdv=1.0;mw=0.0)}{16 (stdv=1.0;mw=0.0)}
179	0	DEMO_1_RAW	1.17233192592817	0.7680583472682012	91.60438382421655	1.0914484511364737	{13 (stdv=1.0;mw=0.0)}{17 (stdv=1.0;mw=0.0)}
180	0	DEMO_1_RAW	1.5846229190978494	0.951400308099418	86.36075328424873	1.148711759769041	{13 (stdv=1.0;mw=0.0)}{18 (stdv=1.0;mw=0.0)}
181	0	DEMO_1_RAW	1.1350150348521741	0.7209288495630239	83.62795005961998	1.0874517571179756	{13 (stdv=1.0;mw=0.0)}{19 (stdv=1.0;mw=0.0)}
182	0	DEMO_1_RAW	1.1350150348521741	0.7209288495630239	53.87041769030934	1.0874517571179756	{13 (stdv=1.0;mw=0.0)}{20 (stdv=1.0;mw=0.0)}
183	0	DEMO_1_RAW	1.7006437908411685	0.9847664624356969	40.68761464613623	1.1700306345707205	{14 (stdv=1.0;mw=0.0)}{14 (stdv=1.0;mw=0.0)}
184	0	DEMO_1_RAW	1.2141293335945216	0.5449654746881575	31.002026978595403	1.096134065299311	{14 (stdv=1.0;mw=0.0)}{15 (stdv=1.0;mw=0.0)}
185	0	DEMO_1_RAW	1.0476126928798044	0.612970528967692	30.150621128656677	1.0787509518233596	{14 (stdv=1.0;mw=0.0)}{16 (stdv=1.0;mw=0.0)}
186	0	DEMO_1_RAW	0.9569933164601556	0.8430365696610712	57.74716908345778	1.070656868043367	{14 (stdv=1.0;mw=0.0)}{17 (stdv=1.0;mw=0.0)}
187	0	DEMO_1_RAW	0.9826126187604607	0.7329923566108176	36.00047974364619	1.0728528547460814	{14 (stdv=1.0;mw=0.0)}{18 (stdv=1.0;mw=0.0)}
188	0	DEMO_1_RAW	0.7927800802151387	0.6959207580669176	69.88543574311883	1.0582179070822346	{14 (stdv=1.0;mw=0.0)}{19 (stdv=1.0;mw=0.0)}
189	0	DEMO_1_RAW	0.7927800802151387	0.6959207580669176	354.9600823178383	1.0582179070822346	{14 (stdv=1.0;mw=0.0)}{20 (stdv=1.0;mw=0.0)}
190	0	DEMO_1_RAW	1.7193511672505166	0.9914059677678319	102.56995578938447	1.1737267676715146	{15 (stdv=1.0;mw=0.0)}{15 (stdv=1.0;mw=0.0)}
191	0	DEMO_1_RAW	1.3658878951888775	0.1652597011910521	8.617603293550617	1.115127590126313	{15 (stdv=1.0;mw=0.0)}{16 (stdv=1.0;mw=0.0)}
192	0	DEMO_1_RAW	1.381191054886976	0.45874365634604947	40.710920756783544	1.1172261141605244	{15 (stdv=1.0;mw=0.0)}{17 (stdv=1.0;mw=0.0)}
193	0	DEMO_1_RAW	1.2854010372854425	0.29713043655687177	11.542448322170122	1.1046546824324082	{15 (stdv=1.0;mw=0.0)}{18 (stdv=1.0;mw=0.0)}
194	0	DEMO_1_RAW	1.3923970368130705	0.5417960949275685	48.84941531037407	1.1187852606692315	{15 (stdv=1.0;mw=0.0)}{19 (stdv=1.0;mw=0.0)}
195	0	DEMO_1_RAW	1.3923970368130705	0.5417960949275685	37.85050486061933	1.1187852606692315	{15 (stdv=1.0;mw=0.0)}{20 (stdv=1.0;mw=0.0)}
196	0	DEMO_1_RAW	1.657758313868169	0.9839779273387644	66.99351905935025	1.1618362392366108	{16 (stdv=1.0;mw=0.0)}{16 (stdv=1.0;mw=0.0)}
197	0	DEMO_1_RAW	1.1574939392229524	0.718131289030014	63.43199767787985	1.0898385106617794	{16 (stdv=1.0;mw=0.0)}{17 (stdv=1.0;mw=0.0)}
198	0	DEMO_1_RAW	1.6536759732980706	0.946655669200431	516.8813144050114	1.1610759180653891	{16 (stdv=1.0;mw=0.0)}{18 (stdv=1.0;mw=0.0)}
199	0	DEMO_1_RAW	1.3008029918915045	0.6434821731059855	22.262396202793553	1.1065871853018903	{16 (stdv=1.0;mw=0.0)}{19 (stdv=1.0;mw=0.0)}
200	0	DEMO_1_RAW	1.3008029918915045	0.6434821731059855	26.917264758623194	1.1065871853018903	{16 (stdv=1.0;mw=0.0)}{20 (stdv=1.0;mw=0.0)}
201	0	DEMO_1_RAW	1.721695925523025	0.9864170454697233	193.5016614778649	1.1741953794250701	{17 (stdv=1.0;mw=0.0)}{17 (stdv=1.0;mw=0.0)}
202	0	DEMO_1_RAW	0.9727658060292015	0.7897117647360508	40.31179071630447	1.0720003583938214	{17 (stdv=1.0;mw=0.0)}{18 (stdv=1.0;mw=0.0)}
203	0	DEMO_1_RAW	0.9844616289315039	0.5902914368943653	22.90113110774127	1.0730141203984158	{17 (stdv=1.0;mw=0.0)}{19 (stdv=1.0;mw=0.0)}
204	0	DEMO_1_RAW	0.9844616289315039	0.5902914368943653	36.03039663314763	1.0730141203984158	{17 (stdv=1.0;mw=0.0)}{20 (stdv=1.0;mw=0.0)}
205	0	DEMO_1_RAW	1.6866946804228826	0.9829398009949477	120.93084549714753	1.1673232447370276	{18 (stdv=1.0;mw=0.0)}{18 (stdv=1.0;mw=0.0)}
206	0	DEMO_1_RAW	1.298596781044103	0.7022195031503159	48.14231648707408	1.1063083317074134	{18 (stdv=1.0;mw=0.0)}{19 (stdv=1.0;mw=0.0)}
207	0	DEMO_1_RAW	1.298596781044103	0.7022195031503159	29.611125116638977	1.1063083317074134	{18 (stdv=1.0;mw=0.0)}{20 (stdv=1.0;mw=0.0)}
208	0	DEMO_1_RAW	1.6574541198807453	0.9670950794078889	78.81548934055309	1.1617794680018554	{19 (stdv=1.0;mw=0.0)}{19 (stdv=1.0;mw=0.0)}
209	0	DEMO_1_RAW	1.6574541198807453	0.9670950794078889	73.44480610494003	1.1617794680018554	{19 (stdv=1.0;mw=0.0)}{20 (stdv=1.0;mw=0.0)}
210	0	DEMO_1_RAW	1.6574541198807453	0.9670950794078889	222.60144530848058	1.1617794680018554	{20 (stdv=1.0;mw=0.0)}{20 (stdv=1.0;mw=0.0)}
211	0	DEMO_1_SHUFFLE	1.855279955094209	-0.009419801362265312	0.3975424257130156	1.2029896103835944	{1 (stdv=1.0;mw=0.0)}{1 (stdv=1.0;mw=0.0)}
212	0	DEMO_1_SHUFFLE	2.146824838858525	-0.009788222014212563	1.2564502359142415	1.1857479529048487	{1 (stdv=1.0;mw=0.0)}{2 (stdv=1.0;mw=0.0)}
213	0	DEMO_1_SHUFFLE	2.0837035313822554	0.020943920698250455	0.25098500787540273	1.1054593105444508	{1 (stdv=1.0;mw=0.0)}{3 (stdv=1.0;mw=0.0)}
214	0	DEMO_1_SHUFFLE	2.554128798095248	-0.02051690498877786	0.07731589034848983	1.1190131675737738	{1 (stdv=1.0;mw=0.0)}{4 (stdv=1.0;mw=0.0)}
215	0	DEMO_1_SHUFFLE	1.8154316449022079	-0.001857457346812853	-3.0363076914492644	1.139187060687146	{1 (stdv=1.0;mw=0.0)}{5 (stdv=1.0;mw=0.0)}
216	0	DEMO_1_SHUFFLE	1.7900879283553848	-0.02502092694189285	-0.2896134941911721	1.136864324536542	{1 (stdv=1.0;mw=0.0)}{6 (stdv=1.0;mw=0.0)}
217	0	DEMO_1_SHUFFLE	2.3874963354360688	0.015308095011996049	1.466841562045214	1.3750606952890965	{1 (stdv=1.0;mw=0.0)}{7 (stdv=1.0;mw=0.0)}
218	0	DEMO_1_SHUFFLE	2.560468958163599	0.013345127431589462	-1.8616926324550547	1.1165988283511463	{1 (stdv=1.0;mw=0.0)}{8 (stdv=1.0;mw=0.0)}
219	0	DEMO_1_SHUFFLE	1.632178503868622	-0.011614062379250683	1.908272439262745	1.157127155516815	{1 (stdv=1.0;mw=0.0)}{9 (stdv=1.0;mw=0.0)}
220	0	DEMO_1_SHUFFLE	2.4417565230098117	-0.007582246738660726	-2.269532482250775	1.2729223650027823	{1 (stdv=1.0;mw=0.0)}{10 (stdv=1.0;mw=0.0)}
221	0	DEMO_1_SHUFFLE	1.6209668953433438	0.028153162995917448	-0.01739972176945839	1.1551039597873898	{1 (stdv=1.0;mw=0.0)}{11 (stdv=1.0;mw=0.0)}
222	0	DEMO_1_SHUFFLE	1.9529788725936943	0.02211803735046042	0.03182412340947193	1.0933039202514403	{1 (stdv=1.0;mw=0.0)}{12 (stdv=1.0;mw=0.0)}
223	0	DEMO_1_SHUFFLE	1.7526755774418925	0.005810160676909437	-0.4302121560483706	1.1805009548388823	{1 (stdv=1.0;mw=0.0)}{13 (stdv=1.0;mw=0.0)}
224	0	DEMO_1_SHUFFLE	2.1572440642691637	-0.0033756893119853836	-0.5241779089700825	1.2867043054424265	{1 (stdv=1.0;mw=0.0)}{14 (stdv=1.0;mw=0.0)}
225	0	DEMO_1_SHUFFLE	2.2205048261216853	0.005982583499782136	-0.06951154199768114	1.3084199310524036	{1 (stdv=1.0;mw=0.0)}{15 (stdv=1.0;mw=0.0)}
226	0	DEMO_1_SHUFFLE	1.8518078258974262	0.010668169722548556	2.610306828998949	1.2021860056834799	{1 (stdv=1.0;mw=0.0)}{16 (stdv=1.0;mw=0.0)}
227	0	DEMO_1_SHUFFLE	2.5816867192192126	0.002140392849290799	-0.4910940526966974	1.475062308231572	{1 (stdv=1.0;mw=0.0)}{17 (stdv=1.0;mw=0.0)}
228	0	DEMO_1_SHUFFLE	2.5322328940120387	0.02727294848099362	-0.7245614602768371	1.19145476979931	{1 (stdv=1.0;mw=0.0)}{18 (stdv=1.0;mw=0.0)}
229	0	DEMO_1_SHUFFLE	1.9320854189888537	-0.003101576308753045	-0.6509221985517802	1.2215917069922833	{1 (stdv=1.0;mw=0.0)}{19 (stdv=1.0;mw=0.0)}
230	0	DEMO_1_SHUFFLE	1.579774541133192	0.026119335769495378	0.39601684226599965	1.1478778654428803	{1 (stdv=1.0;mw=0.0)}{20 (stdv=1.0;mw=0.0)}
231	0	DEMO_1_SHUFFLE	2.0437277375601353	-0.013387445155902145	-0.747940337676536	1.2517172219570167	{2 (stdv=1.0;mw=0.0)}{2 (stdv=1.0;mw=0.0)}
232	0	DEMO_1_SHUFFLE	2.4652955619527073	0.00512652234449716	1.6273925408414156	1.4117124683968583	{2 (stdv=1.0;mw=0.0)}{3 (stdv=1.0;mw=0.0)}
233	0	DEMO_1_SHUFFLE	2.21935755057906	0.009666078936296129	-3.027894860548695	1.1696613905986781	{2 (stdv=1.0;mw=0.0)}{4 (stdv=1.0;mw=0.0)}
234	0	DEMO_1_SHUFFLE	1.7553677395710598	0.010703020702793931	2.0760281335905693	1.1810590863289847	{2 (stdv=1.0;mw=0.0)}{5 (stdv=1.0;mw=0.0)}
235	0	DEMO_1_SHUFFLE	1.3855606949470731	-0.004253355895249868	-1.7359331007949135	1.117831811386885	{2 (stdv=1.0;mw=0.0)}{6 (stdv=1.0;mw=0.0)}
236	0	DEMO_1_SHUFFLE	2.077170827128127	-0.005785501412823116	1.0091706775549567	1.2615339369131306	{2 (stdv=1.0;mw=0.0)}{7 (stdv=1.0;mw=0.0)}
237	0	DEMO_1_SHUFFLE	2.4326237900894276	-0.0012935278378952688	-0.14718091596109403	1.3958231322173091	{2 (stdv=1.0;mw=0.0)}{8 (stdv=1.0;mw=0.0)}
238	0	DEMO_1_SHUFFLE	2.352258417964009	0.00467602663091032	-0.8503956074113111	1.150300097536742	{2 (stdv=1.0;mw=0.0)}{9 (stdv=1.0;mw=0.0)}
239	0	DEMO_1_SHUFFLE	1.7696201385209682	-0.01189777996442724	-3.1368646202092814	1.1840414905195693	{2 (stdv=1.0;mw=0.0)}{10 (stdv=1.0;mw=0.0)}
240	0	DEMO_1_SHUFFLE	2.165021727843019	-0.0047006460851851594	-0.6272718410429603	1.1572499339604607	{2 (stdv=1.0;mw=0.0)}{11 (stdv=1.0;mw=0.0)}
241	0	DEMO_1_SHUFFLE	1.8411348041474496	-0.009953198119416001	-2.2551464592340076	1.1997352006575084	{2 (stdv=1.0;mw=0.0)}{12 (stdv=1.0;mw=0.0)}
242	0	DEMO_1_SHUFFLE	2.242256811347525	0.006840589692672758	-0.5587884360743717	1.1340845267317818	{2 (stdv=1.0;mw=0.0)}{13 (stdv=1.0;mw=0.0)}
243	0	DEMO_1_SHUFFLE	1.7470757555811038	-0.02725219456875268	-0.14295754204246783	1.1793452797562864	{2 (stdv=1.0;mw=0.0)}{14 (stdv=1.0;mw=0.0)}
244	0	DEMO_1_SHUFFLE	1.5500516689469765	0.02086874633303041	-0.9033509935158112	1.1428601441234063	{2 (stdv=1.0;mw=0.0)}{15 (stdv=1.0;mw=0.0)}
245	0	DEMO_1_SHUFFLE	2.4216484386095	-0.012208786745783346	-0.5117382303583295	1.1909698546650453	{2 (stdv=1.0;mw=0.0)}{16 (stdv=1.0;mw=0.0)}
246	0	DEMO_1_SHUFFLE	2.1618668512579555	-0.03620240018070764	-0.4429201741796691	1.2521017895843853	{2 (stdv=1.0;mw=0.0)}{17 (stdv=1.0;mw=0.0)}
247	0	DEMO_1_SHUFFLE	2.5873779432115454	-0.015567701897984952	3.8848157185101364	1.478463351667888	{2 (stdv=1.0;mw=0.0)}{18 (stdv=1.0;mw=0.0)}
248	0	DEMO_1_SHUFFLE	1.6407492969008826	0.020089911479534667	0.9602617658239322	1.1232106417704921	{2 (stdv=1.0;mw=0.0)}{19 (stdv=1.0;mw=0.0)}
249	0	DEMO_1_SHUFFLE	2.20123663841678	-0.006165449507248738	0.2649903778945765	1.3016225053304158	{2 (stdv=1.0;mw=0.0)}{20 (stdv=1.0;mw=0.0)}
250	0	DEMO_1_SHUFFLE	1.8087077202478319	0.015145409496564715	-4.65858234512719	1.1924651059819977	{3 (stdv=1.0;mw=0.0)}{3 (stdv=1.0;mw=0.0)}
251	0	DEMO_1_SHUFFLE	2.152139700389345	0.00452877998043941	-1.85568326863623	1.2301562706332438	{3 (stdv=1.0;mw=0.0)}{4 (stdv=1.0;mw=0.0)}
252	0	DEMO_1_SHUFFLE	1.6799304375229374	0.03227369275416626	-2.4203841935556927	1.1660250918009902	{3 (stdv=1.0;mw=0.0)}{5 (stdv=1.0;mw=0.0)}
253	0	DEMO_1_SHUFFLE	1.5093600422652895	0.0032889977796858004	-0.5471856971780527	1.1136408508713915	{3 (stdv=1.0;mw=0.0)}{6 (stdv=1.0;mw=0.0)}
254	0	DEMO_1_SHUFFLE	1.5865391462942764	0.03744095985646536	1.535990449679074	1.1490425476787682	{3 (stdv=1.0;mw=0.0)}{7 (stdv=1.0;mw=0.0)}
255	0	DEMO_1_SHUFFLE	2.729485619169781	0.010658393463572769	1.778150614893287	1.5747713666510017	{3 (stdv=1.0;mw=0.0)}{8 (stdv=1.0;mw=0.0)}
256	0	DEMO_1_SHUFFLE	1.8701917631657716	0.006066234863218212	1.0102929720382885	1.1571709214332082	{3 (stdv=1.0;mw=0.0)}{9 (stdv=1.0;mw=0.0)}
257	0	DEMO_1_SHUFFLE	1.2965932090553407	0.007092747149582106	-0.2873168074507411	1.1060556828744383	{3 (stdv=1.0;mw=0.0)}{10 (stdv=1.0;mw=0.0)}
258	0	DEMO_1_SHUFFLE	1.585993594498128	0.012097819417917275	1.535190218269542	1.1489483022210114	{3 (stdv=1.0;mw=0.0)}{11 (stdv=1.0;mw=0.0)}
259	0	DEMO_1_SHUFFLE	2.2449763911318987	0.0317411025410107	-5.743431061054258	1.317296331951173	{3 (stdv=1.0;mw=0.0)}{12 (stdv=1.0;mw=0.0)}
260	0	DEMO_1_SHUFFLE	1.8146464296157225	0.009391018033891585	3.9060990091423133	1.193777062930521	{3 (stdv=1.0;mw=0.0)}{13 (stdv=1.0;mw=0.0)}
261	0	DEMO_1_SHUFFLE	1.530197598936431	0.02360904981675735	-0.4491700154950206	1.1257538911844882	{3 (stdv=1.0;mw=0.0)}{14 (stdv=1.0;mw=0.0)}
262	0	DEMO_1_SHUFFLE	2.6262622711657317	0.029974665961785465	0.6143879184181679	1.1448931775982294	{3 (stdv=1.0;mw=0.0)}{15 (stdv=1.0;mw=0.0)}
263	0	DEMO_1_SHUFFLE	1.0572277318915217	-0.010222824038799753	-0.4330687203201713	1.0787333830973218	{3 (stdv=1.0;mw=0.0)}{16 (stdv=1.0;mw=0.0)}
264	0	DEMO_1_SHUFFLE	2.748820716933795	-0.019790536467236327	0.9725247960854012	1.098629014289362	{3 (stdv=1.0;mw=0.0)}{17 (stdv=1.0;mw=0.0)}
265	0	DEMO_1_SHUFFLE	3.3333392579373724	-0.01162635030957119	-0.5334090020759823	1.2067703515751766	{3 (stdv=1.0;mw=0.0)}{18 (stdv=1.0;mw=0.0)}
266	0	DEMO_1_SHUFFLE	1.4692546067352692	0.018326444142196818	2.2269102934753815	1.1300081295778566	{3 (stdv=1.0;mw=0.0)}{19 (stdv=1.0;mw=0.0)}
267	0	DEMO_1_SHUFFLE	2.1066777305881006	0.0025385976725465784	4.132440099359296	1.2705265164725148	{3 (stdv=1.0;mw=0.0)}{20 (stdv=1.0;mw=0.0)}
268	0	DEMO_1_SHUFFLE	2.009111156082772	-0.03064982251884224	-1.4888161016293424	1.2419555982076744	{4 (stdv=1.0;mw=0.0)}{4 (stdv=1.0;mw=0.0)}
269	0	DEMO_1_SHUFFLE	1.6778023734912935	-0.0020830963526271866	-3.252205671842218	1.142291573452607	{4 (stdv=1.0;mw=0.0)}{5 (stdv=1.0;mw=0.0)}
270	0	DEMO_1_SHUFFLE	2.398839963296914	0.004652414519344591	0.25418890742139055	1.3801562686964428	{4 (stdv=1.0;mw=0.0)}{6 (stdv=1.0;mw=0.0)}
271	0	DEMO_1_SHUFFLE	1.808996665884948	0.0172921288907244	1.224110805052746	1.1499224505210066	{4 (stdv=1.0;mw=0.0)}{7 (stdv=1.0;mw=0.0)}
272	0	DEMO_1_SHUFFLE	2.2035052288711237	-0.012121521019659512	-0.049825413340808394	1.30241426114113	{4 (stdv=1.0;mw=0.0)}{8 (stdv=1.0;mw=0.0)}
273	0	DEMO_1_SHUFFLE	2.2073685017602687	0.050070626980179826	-0.2717791384178037	1.3037677898368634	{4 (stdv=1.0;mw=0.0)}{9 (stdv=1.0;mw=0.0)}
274	0	DEMO_1_SHUFFLE	2.0075505810012886	-0.001131518105006332	0.4050640236947607	1.1363071153177065	{4 (stdv=1.0;mw=0.0)}{10 (stdv=1.0;mw=0.0)}
275	0	DEMO_1_SHUFFLE	2.090923465016905	-0.02184945114048075	-2.3840308445922704	1.2384181505834304	{4 (stdv=1.0;mw=0.0)}{11 (stdv=1.0;mw=0.0)}
276	0	DEMO_1_SHUFFLE	1.7909943830190487	-0.010307390141734733	4.816991195001887	1.1334376841247773	{4 (stdv=1.0;mw=0.0)}{12 (stdv=1.0;mw=0.0)}
277	0	DEMO_1_SHUFFLE	1.7769740022400615	0.013679597477454678	0.2311491028066795	1.1646745344882516	{4 (stdv=1.0;mw=0.0)}{13 (stdv=1.0;mw=0.0)}
278	0	DEMO_1_SHUFFLE	2.5196117999439713	0.012453054501067868	-0.6630145382286129	1.1807570090199973	{4 (stdv=1.0;mw=0.0)}{14 (stdv=1.0;mw=0.0)}
279	0	DEMO_1_SHUFFLE	2.500293337225649	-0.01583610443793388	0.4781473371263902	1.16346757930909	{4 (stdv=1.0;mw=0.0)}{15 (stdv=1.0;mw=0.0)}
280	0	DEMO_1_SHUFFLE	1.6512553829629053	-0.012568511437081969	0.6603681636514934	1.1606266796263485	{4 (stdv=1.0;mw=0.0)}{16 (stdv=1.0;mw=0.0)}
281	0	DEMO_1_SHUFFLE	1.4004776780398542	0.009435980765607777	1.545685509191448	1.1199214798533788	{4 (stdv=1.0;mw=0.0)}{17 (stdv=1.0;mw=0.0)}
282	0	DEMO_1_SHUFFLE	3.0153203263353725	-0.0178414539550648	-0.6079250539730523	1.11611143325886	{4 (stdv=1.0;mw=0.0)}{18 (stdv=1.0;mw=0.0)}
283	0	DEMO_1_SHUFFLE	2.515036894040514	-0.00547425438827916	-0.7499186520770823	1.205256945945521	{4 (stdv=1.0;mw=0.0)}{19 (stdv=1.0;mw=0.0)}
284	0	DEMO_1_SHUFFLE	1.4140552686065206	0.01968140873496546	-0.6945764143616129	1.1218533494494172	{4 (stdv=1.0;mw=0.0)}{20 (stdv=1.0;mw=0.0)}
285	0	DEMO_1_SHUFFLE	1.889318281339543	0.0019475698310609598	-0.5175360234273647	1.2110352847579813	{5 (stdv=1.0;mw=0.0)}{5 (stdv=1.0;mw=0.0)}
286	0	DEMO_1_SHUFFLE	2.516181728876442	-0.008186504759674156	-0.04593398697978629	1.174297051265147	{5 (stdv=1.0;mw=0.0)}{6 (stdv=1.0;mw=0.0)}
287	0	DEMO_1_SHUFFLE	1.8190105443123825	0.024973952029088958	0.9612335417626561	1.1947466840612653	{5 (stdv=1.0;mw=0.0)}{7 (stdv=1.0;mw=0.0)}
288	0	DEMO_1_SHUFFLE	1.6490605217921501	-0.005649229452747196	1.4104478621480283	1.1602203527648363	{5 (stdv=1.0;mw=0.0)}{8 (stdv=1.0;mw=0.0)}
289	0	DEMO_1_SHUFFLE	2.2881399651400764	-0.012556698302678929	2.376816170384586	1.3336516218864014	{5 (stdv=1.0;mw=0.0)}{9 (stdv=1.0;mw=0.0)}
290	0	DEMO_1_SHUFFLE	1.4350323650639316	-0.017380873950354973	-0.21927610810157008	1.1248948383293658	{5 (stdv=1.0;mw=0.0)}{10 (stdv=1.0;mw=0.0)}
291	0	DEMO_1_SHUFFLE	2.0563081130383827	-0.02267282030747473	-0.5399421694191782	1.1937380605400563	{5 (stdv=1.0;mw=0.0)}{11 (stdv=1.0;mw=0.0)}
292	0	DEMO_1_SHUFFLE	2.420571414270913	0.010006769885352377	-1.5012816794751638	1.1237053120674017	{5 (stdv=1.0;mw=0.0)}{12 (stdv=1.0;mw=0.0)}
293	0	DEMO_1_SHUFFLE	2.2279944009919346	0.01813565891616701	-1.323264603331028	1.3111072048572645	{5 (stdv=1.0;mw=0.0)}{13 (stdv=1.0;mw=0.0)}
294	0	DEMO_1_SHUFFLE	1.6943015943230626	-0.03173584412140272	0.196217966232636	1.1612332780756296	{5 (stdv=1.0;mw=0.0)}{14 (stdv=1.0;mw=0.0)}
295	0	DEMO_1_SHUFFLE	2.1960742811769696	-0.003406990517221584	1.1723705229938346	1.2998291945518556	{5 (stdv=1.0;mw=0.0)}{15 (stdv=1.0;mw=0.0)}
296	0	DEMO_1_SHUFFLE	2.410792476493262	0.021807643408116587	1.691873498347224	1.3856137135518323	{5 (stdv=1.0;mw=0.0)}{16 (stdv=1.0;mw=0.0)}
297	0	DEMO_1_SHUFFLE	2.425564608704686	0.006323646857954941	0.21184336589953567	1.39248714643373	{5 (stdv=1.0;mw=0.0)}{17 (stdv=1.0;mw=0.0)}
298	0	DEMO_1_SHUFFLE	1.9399996977106926	0.007994594874540987	-1.2036673316922955	1.104982735507796	{5 (stdv=1.0;mw=0.0)}{18 (stdv=1.0;mw=0.0)}
299	0	DEMO_1_SHUFFLE	2.1114159570325417	-0.0035055290890720434	3.6563063591278984	1.1503174829452587	{5 (stdv=1.0;mw=0.0)}{19 (stdv=1.0;mw=0.0)}
300	0	DEMO_1_SHUFFLE	2.070350069724184	-0.006641301833139503	-1.4674863721007199	1.1757280655392144	{5 (stdv=1.0;mw=0.0)}{20 (stdv=1.0;mw=0.0)}
301	0	DEMO_1_SHUFFLE	3.2230625821478274	0.0100332395164195	0.4159168940278106	1.0780995014537345	{6 (stdv=1.0;mw=0.0)}{6 (stdv=1.0;mw=0.0)}
302	0	DEMO_1_SHUFFLE	1.9118406969772308	-0.008368146747604655	-0.3360507796333406	1.175384400330474	{6 (stdv=1.0;mw=0.0)}{7 (stdv=1.0;mw=0.0)}
303	0	DEMO_1_SHUFFLE	1.7972399184780332	0.013054029294427795	0.30353904995668796	1.189955950186319	{6 (stdv=1.0;mw=0.0)}{8 (stdv=1.0;mw=0.0)}
304	0	DEMO_1_SHUFFLE	1.6094707178133982	0.035037457937719334	1.1761867645060202	1.1462624641963854	{6 (stdv=1.0;mw=0.0)}{9 (stdv=1.0;mw=0.0)}
305	0	DEMO_1_SHUFFLE	1.6897620606105446	0.007010774507267365	1.8601244070248222	1.1679150731461398	{6 (stdv=1.0;mw=0.0)}{10 (stdv=1.0;mw=0.0)}
306	0	DEMO_1_SHUFFLE	1.84146848886104	0.03403431948315483	-0.23452695005727953	1.1998113826357688	{6 (stdv=1.0;mw=0.0)}{11 (stdv=1.0;mw=0.0)}
307	0	DEMO_1_SHUFFLE	1.8305310131569417	-0.0012272630581600032	1.4225181719883897	1.1973289777488694	{6 (stdv=1.0;mw=0.0)}{12 (stdv=1.0;mw=0.0)}
308	0	DEMO_1_SHUFFLE	2.129431056276181	0.015696370362858158	-0.13307646363643588	1.2776827391469114	{6 (stdv=1.0;mw=0.0)}{13 (stdv=1.0;mw=0.0)}
309	0	DEMO_1_SHUFFLE	1.5412599407326117	0.017180517611170933	1.0559670706722823	1.141406592115154	{6 (stdv=1.0;mw=0.0)}{14 (stdv=1.0;mw=0.0)}
310	0	DEMO_1_SHUFFLE	3.57743477696869	-0.0618224782265054	-0.11470342185492634	1.1395913035362706	{6 (stdv=1.0;mw=0.0)}{15 (stdv=1.0;mw=0.0)}
311	0	DEMO_1_SHUFFLE	1.5244627995920412	0.031170916053870724	-0.08403526798741334	1.1171840144834244	{6 (stdv=1.0;mw=0.0)}{16 (stdv=1.0;mw=0.0)}
312	0	DEMO_1_SHUFFLE	2.161671761462223	-0.033981028993774434	-1.135101567546556	1.1572787449922557	{6 (stdv=1.0;mw=0.0)}{17 (stdv=1.0;mw=0.0)}
313	0	DEMO_1_SHUFFLE	1.8309219242306534	-0.02438244501645617	1.8083192000392077	1.197417180742581	{6 (stdv=1.0;mw=0.0)}{18 (stdv=1.0;mw=0.0)}
314	0	DEMO_1_SHUFFLE	2.0669784767066943	-0.026095687287512347	0.13603756789905713	1.2132365911090819	{6 (stdv=1.0;mw=0.0)}{19 (stdv=1.0;mw=0.0)}
315	0	DEMO_1_SHUFFLE	2.2716721650623346	1.0821827434240293E-4	-2.7231203291030903	1.2006642955488103	{6 (stdv=1.0;mw=0.0)}{20 (stdv=1.0;mw=0.0)}
316	0	DEMO_1_SHUFFLE	2.2537147328373686	0.00715940553706813	-0.31769690258932626	1.2500027652094263	{7 (stdv=1.0;mw=0.0)}{7 (stdv=1.0;mw=0.0)}
317	0	DEMO_1_SHUFFLE	2.070160592253904	-0.04428589148323255	-1.621912455662121	1.1505150292249935	{7 (stdv=1.0;mw=0.0)}{8 (stdv=1.0;mw=0.0)}
318	0	DEMO_1_SHUFFLE	1.9872248985574588	-0.006116337705815057	-1.8949683836803308	1.1719787180729324	{7 (stdv=1.0;mw=0.0)}{9 (stdv=1.0;mw=0.0)}
319	0	DEMO_1_SHUFFLE	1.930106222113104	0.01541038544415705	-0.21330946755679991	1.1459168311394357	{7 (stdv=1.0;mw=0.0)}{10 (stdv=1.0;mw=0.0)}
320	0	DEMO_1_SHUFFLE	2.0285076067793115	-0.01264447617256933	1.1008751470868638	1.1810678587735277	{7 (stdv=1.0;mw=0.0)}{11 (stdv=1.0;mw=0.0)}
321	0	DEMO_1_SHUFFLE	1.7928074611048326	-0.001538505719182767	-2.5074170891884866	1.1889946161902336	{7 (stdv=1.0;mw=0.0)}{12 (stdv=1.0;mw=0.0)}
322	0	DEMO_1_SHUFFLE	2.006177346850484	0.010022642750192219	-0.7406950593125782	1.1433946654162621	{7 (stdv=1.0;mw=0.0)}{13 (stdv=1.0;mw=0.0)}
323	0	DEMO_1_SHUFFLE	1.5431976595618122	-0.01731012397212881	0.10136378495388904	1.1417257725485987	{7 (stdv=1.0;mw=0.0)}{14 (stdv=1.0;mw=0.0)}
324	0	DEMO_1_SHUFFLE	2.478992342524154	-0.034165625749493375	-1.3611527165560329	1.4186020786642848	{7 (stdv=1.0;mw=0.0)}{15 (stdv=1.0;mw=0.0)}
325	0	DEMO_1_SHUFFLE	1.792491308889814	0.006394199033184152	0.8711478086614323	1.1889262270407241	{7 (stdv=1.0;mw=0.0)}{16 (stdv=1.0;mw=0.0)}
326	0	DEMO_1_SHUFFLE	2.050630638192311	0.011798979325203402	-0.9973869143141569	1.2537117339104493	{7 (stdv=1.0;mw=0.0)}{17 (stdv=1.0;mw=0.0)}
327	0	DEMO_1_SHUFFLE	2.6159393796968997	0.021631716698401405	0.6628639541528327	1.1681976027611942	{7 (stdv=1.0;mw=0.0)}{18 (stdv=1.0;mw=0.0)}
328	0	DEMO_1_SHUFFLE	2.3714084834774596	0.005407246654860607	6.779032920794204	1.3679703904727134	{7 (stdv=1.0;mw=0.0)}{19 (stdv=1.0;mw=0.0)}
329	0	DEMO_1_SHUFFLE	2.0431883237653206	-0.03515361621895888	-1.8243872335911109	1.2236008570829167	{7 (stdv=1.0;mw=0.0)}{20 (stdv=1.0;mw=0.0)}
330	0	DEMO_1_SHUFFLE	2.0965274265130573	0.019319055969042643	-2.4148170500867	1.2673970710037679	{8 (stdv=1.0;mw=0.0)}{8 (stdv=1.0;mw=0.0)}
331	0	DEMO_1_SHUFFLE	2.1577666145213734	-4.1440270540055163E-4	0.11687674680201762	1.2868767688397	{8 (stdv=1.0;mw=0.0)}{9 (stdv=1.0;mw=0.0)}
332	0	DEMO_1_SHUFFLE	1.6891838059267597	-0.006554323283975716	3.6486261340696604	1.167803352023035	{8 (stdv=1.0;mw=0.0)}{10 (stdv=1.0;mw=0.0)}
333	0	DEMO_1_SHUFFLE	1.6781968179955304	0.003205304689948474	-0.1719426189139932	1.1246373994604157	{8 (stdv=1.0;mw=0.0)}{11 (stdv=1.0;mw=0.0)}
334	0	DEMO_1_SHUFFLE	2.428061322841607	0.020454207898342548	-1.4901413887985575	1.1188932847118551	{8 (stdv=1.0;mw=0.0)}{12 (stdv=1.0;mw=0.0)}
335	0	DEMO_1_SHUFFLE	2.2226628741453047	-0.008424862089668379	-0.48312254356538875	1.1317486221778146	{8 (stdv=1.0;mw=0.0)}{13 (stdv=1.0;mw=0.0)}
336	0	DEMO_1_SHUFFLE	1.4161703128660723	0.012944749120229106	0.29512311590676676	1.12215687022906	{8 (stdv=1.0;mw=0.0)}{14 (stdv=1.0;mw=0.0)}
337	0	DEMO_1_SHUFFLE	1.978385506348121	-0.0068746486733342466	2.0903908687837855	1.2336151190577218	{8 (stdv=1.0;mw=0.0)}{15 (stdv=1.0;mw=0.0)}
338	0	DEMO_1_SHUFFLE	2.5802832311086714	0.011877854467609025	-0.5168802093769432	1.2326057724146544	{8 (stdv=1.0;mw=0.0)}{16 (stdv=1.0;mw=0.0)}
339	0	DEMO_1_SHUFFLE	2.1978447561634917	0.0036881577670913835	-0.10216588133989757	1.3004429164690134	{8 (stdv=1.0;mw=0.0)}{17 (stdv=1.0;mw=0.0)}
340	0	DEMO_1_SHUFFLE	2.1588321996573487	-0.01909591413686315	-0.7321630695178549	1.2872288009907056	{8 (stdv=1.0;mw=0.0)}{18 (stdv=1.0;mw=0.0)}
341	0	DEMO_1_SHUFFLE	1.4887159657912468	0.02598308377928237	-0.6742216655168879	1.1330017607480354	{8 (stdv=1.0;mw=0.0)}{19 (stdv=1.0;mw=0.0)}
342	0	DEMO_1_SHUFFLE	2.046555426325358	0.007264942099767146	1.1374924211453896	1.2525322848493419	{8 (stdv=1.0;mw=0.0)}{20 (stdv=1.0;mw=0.0)}
343	0	DEMO_1_SHUFFLE	1.6921150946596033	0.02902023850503268	0.32589004789199333	1.146323881459463	{9 (stdv=1.0;mw=0.0)}{9 (stdv=1.0;mw=0.0)}
344	0	DEMO_1_SHUFFLE	3.1798901029636184	0.0039062037900950393	-2.6523834396890593	1.2713495668961654	{9 (stdv=1.0;mw=0.0)}{10 (stdv=1.0;mw=0.0)}
345	0	DEMO_1_SHUFFLE	2.201206512626061	0.00848605071401436	-0.9167143507228395	1.3016120063885117	{9 (stdv=1.0;mw=0.0)}{11 (stdv=1.0;mw=0.0)}
346	0	DEMO_1_SHUFFLE	2.027465954610513	-0.010563167926717234	1.8794712766251525	1.1387968613871775	{9 (stdv=1.0;mw=0.0)}{12 (stdv=1.0;mw=0.0)}
347	0	DEMO_1_SHUFFLE	2.532501821117097	0.020004345500372007	0.10324924120461824	1.446909017612528	{9 (stdv=1.0;mw=0.0)}{13 (stdv=1.0;mw=0.0)}
348	0	DEMO_1_SHUFFLE	2.5532864845543983	0.0015955474783454797	3.869241869504518	1.4585422818526848	{9 (stdv=1.0;mw=0.0)}{14 (stdv=1.0;mw=0.0)}
349	0	DEMO_1_SHUFFLE	2.4000314247123744	-0.039534178938997924	0.9527739502522207	1.0932162133294243	{9 (stdv=1.0;mw=0.0)}{15 (stdv=1.0;mw=0.0)}
350	0	DEMO_1_SHUFFLE	2.3800265892420858	-0.005409548653414549	-6.89205857450648	1.3717489532008975	{9 (stdv=1.0;mw=0.0)}{16 (stdv=1.0;mw=0.0)}
351	0	DEMO_1_SHUFFLE	2.860717078782956	0.016076714134062992	-0.333626487320426	1.2262196757831552	{9 (stdv=1.0;mw=0.0)}{17 (stdv=1.0;mw=0.0)}
352	0	DEMO_1_SHUFFLE	2.3693929967142155	0.004084444156443051	3.5872395596683906	1.1081794121144304	{9 (stdv=1.0;mw=0.0)}{18 (stdv=1.0;mw=0.0)}
353	0	DEMO_1_SHUFFLE	2.7273660091144576	-0.004264945327131096	-0.4993906688991854	1.573152377499381	{9 (stdv=1.0;mw=0.0)}{19 (stdv=1.0;mw=0.0)}
354	0	DEMO_1_SHUFFLE	2.484298607728208	-0.02713295563287604	-1.929273255683045	1.4213088120433484	{9 (stdv=1.0;mw=0.0)}{20 (stdv=1.0;mw=0.0)}
355	0	DEMO_1_SHUFFLE	1.9422686529497455	-0.014880192340940714	0.34330496911104286	1.2241817452375516	{10 (stdv=1.0;mw=0.0)}{10 (stdv=1.0;mw=0.0)}
356	0	DEMO_1_SHUFFLE	2.2112893746637945	-0.010537181478269196	-0.45707199943426696	1.3051482588190024	{10 (stdv=1.0;mw=0.0)}{11 (stdv=1.0;mw=0.0)}
357	0	DEMO_1_SHUFFLE	2.2412563380463735	-0.002803071305409961	-1.0764975713635736	1.315929018058816	{10 (stdv=1.0;mw=0.0)}{12 (stdv=1.0;mw=0.0)}
358	0	DEMO_1_SHUFFLE	2.502087518564713	0.020573999919419498	-0.3552972745011422	1.1391801351044917	{10 (stdv=1.0;mw=0.0)}{13 (stdv=1.0;mw=0.0)}
359	0	DEMO_1_SHUFFLE	2.528644243773388	-0.029282385315776396	-2.864553681599084	1.4447906757152158	{10 (stdv=1.0;mw=0.0)}{14 (stdv=1.0;mw=0.0)}
360	0	DEMO_1_SHUFFLE	2.605743788924053	-7.003143275430233E-4	-0.6295507170006233	1.1444184968722537	{10 (stdv=1.0;mw=0.0)}{15 (stdv=1.0;mw=0.0)}
361	0	DEMO_1_SHUFFLE	1.5442935366563781	0.015945977221283283	-1.5227491726736198	1.1419065813535743	{10 (stdv=1.0;mw=0.0)}{16 (stdv=1.0;mw=0.0)}
362	0	DEMO_1_SHUFFLE	1.7984762608310487	0.02775925110485151	0.4359668382895692	1.1902249348202365	{10 (stdv=1.0;mw=0.0)}{17 (stdv=1.0;mw=0.0)}
363	0	DEMO_1_SHUFFLE	2.5142378644774848	0.0014388448803334584	0.421815052552071	1.1781198216155262	{10 (stdv=1.0;mw=0.0)}{18 (stdv=1.0;mw=0.0)}
364	0	DEMO_1_SHUFFLE	1.9277832870996605	-0.016318548049753388	0.7493118221331331	1.220506484244399	{10 (stdv=1.0;mw=0.0)}{19 (stdv=1.0;mw=0.0)}
365	0	DEMO_1_SHUFFLE	1.791038176826817	0.01937218144578677	1.4237987335395825	1.188612196326378	{10 (stdv=1.0;mw=0.0)}{20 (stdv=1.0;mw=0.0)}
366	0	DEMO_1_SHUFFLE	2.3110450341953364	-0.007007598452740532	0.5289423619143259	1.2384878077584778	{11 (stdv=1.0;mw=0.0)}{11 (stdv=1.0;mw=0.0)}
367	0	DEMO_1_SHUFFLE	2.1979370170202124	-0.017856067242898465	-2.3424057219127814	1.3004749354093679	{11 (stdv=1.0;mw=0.0)}{12 (stdv=1.0;mw=0.0)}
368	0	DEMO_1_SHUFFLE	2.368556386231444	-0.017266588492656977	0.06716185031380197	1.3667297616704255	{11 (stdv=1.0;mw=0.0)}{13 (stdv=1.0;mw=0.0)}
369	0	DEMO_1_SHUFFLE	2.278419404100535	-0.03782013526960194	-0.16129456304938758	1.1346705826322088	{11 (stdv=1.0;mw=0.0)}{14 (stdv=1.0;mw=0.0)}
370	0	DEMO_1_SHUFFLE	1.7244996639213523	0.0232046318472925	10.348940889091713	1.174757298281788	{11 (stdv=1.0;mw=0.0)}{15 (stdv=1.0;mw=0.0)}
371	0	DEMO_1_SHUFFLE	3.0045318683111533	0.003520807677280624	-0.13782649991273946	1.8569144893325251	{11 (stdv=1.0;mw=0.0)}{16 (stdv=1.0;mw=0.0)}
372	0	DEMO_1_SHUFFLE	1.670599950993271	0.007319511335335919	0.9690183198860708	1.1642500344576732	{11 (stdv=1.0;mw=0.0)}{17 (stdv=1.0;mw=0.0)}
373	0	DEMO_1_SHUFFLE	1.4185149843209253	-0.004267979163134328	-0.2278238706630361	1.1224941627932277	{11 (stdv=1.0;mw=0.0)}{18 (stdv=1.0;mw=0.0)}
374	0	DEMO_1_SHUFFLE	2.2019714162510002	0.008773042642287713	0.5509111429920934	1.3018787011484485	{11 (stdv=1.0;mw=0.0)}{19 (stdv=1.0;mw=0.0)}
375	0	DEMO_1_SHUFFLE	2.2916688546556108	0.009881084012950314	0.16823808753149475	1.3350299381631505	{11 (stdv=1.0;mw=0.0)}{20 (stdv=1.0;mw=0.0)}
376	0	DEMO_1_SHUFFLE	1.757150881648265	0.005758723397542115	-0.32799624645618936	1.1814296708328023	{12 (stdv=1.0;mw=0.0)}{12 (stdv=1.0;mw=0.0)}
377	0	DEMO_1_SHUFFLE	3.1341970797377545	-0.01299640618732398	0.25109150125720237	1.1815767291510666	{12 (stdv=1.0;mw=0.0)}{13 (stdv=1.0;mw=0.0)}
378	0	DEMO_1_SHUFFLE	2.501172628297764	0.00528681608395028	0.4309736368382229	1.430059658805055	{12 (stdv=1.0;mw=0.0)}{14 (stdv=1.0;mw=0.0)}
379	0	DEMO_1_SHUFFLE	2.5113276412577576	-0.00896676806583077	-1.6170921206332705	1.1239290613143311	{12 (stdv=1.0;mw=0.0)}{15 (stdv=1.0;mw=0.0)}
380	0	DEMO_1_SHUFFLE	1.6328781690629337	0.007333671488620267	-1.7820298090130606	1.0881157912397428	{12 (stdv=1.0;mw=0.0)}{16 (stdv=1.0;mw=0.0)}
381	0	DEMO_1_SHUFFLE	2.4238375222424873	-0.0050510985062799055	-9.91919247889468	1.2274602289994414	{12 (stdv=1.0;mw=0.0)}{17 (stdv=1.0;mw=0.0)}
382	0	DEMO_1_SHUFFLE	2.021434855737746	-0.0027689457374139837	-1.7463751695804137	1.2453855089685282	{12 (stdv=1.0;mw=0.0)}{18 (stdv=1.0;mw=0.0)}
383	0	DEMO_1_SHUFFLE	3.1472055760785693	-0.045451080437912496	0.3237000802455882	1.198456395558671	{12 (stdv=1.0;mw=0.0)}{19 (stdv=1.0;mw=0.0)}
384	0	DEMO_1_SHUFFLE	1.6598768515528022	4.185624957166612E-4	-0.301775310332317	1.1622321387250103	{12 (stdv=1.0;mw=0.0)}{20 (stdv=1.0;mw=0.0)}
385	0	DEMO_1_SHUFFLE	2.0209918032345016	0.022314747810242667	0.01976687705266434	1.1725854575568722	{13 (stdv=1.0;mw=0.0)}{13 (stdv=1.0;mw=0.0)}
386	0	DEMO_1_SHUFFLE	1.7196718547092822	0.008426840016883824	0.9009128655124018	1.1089965121232273	{13 (stdv=1.0;mw=0.0)}{14 (stdv=1.0;mw=0.0)}
387	0	DEMO_1_SHUFFLE	1.6708664562159525	-0.0015678115848922496	1.958871971074282	1.164300485862001	{13 (stdv=1.0;mw=0.0)}{15 (stdv=1.0;mw=0.0)}
388	0	DEMO_1_SHUFFLE	2.116785913965409	-0.025546510106534453	0.818355904048436	1.2367645672686651	{13 (stdv=1.0;mw=0.0)}{16 (stdv=1.0;mw=0.0)}
389	0	DEMO_1_SHUFFLE	1.6632232094846267	0.01997331772950225	0.12681845711943426	1.162859343454122	{13 (stdv=1.0;mw=0.0)}{17 (stdv=1.0;mw=0.0)}
390	0	DEMO_1_SHUFFLE	2.1673556735298543	0.02824893509602087	-0.9581972294611572	1.107153250961733	{13 (stdv=1.0;mw=0.0)}{18 (stdv=1.0;mw=0.0)}
391	0	DEMO_1_SHUFFLE	1.7416390677553928	-0.00819962788597112	4.774642781884991	1.169338548824862	{13 (stdv=1.0;mw=0.0)}{19 (stdv=1.0;mw=0.0)}
392	0	DEMO_1_SHUFFLE	2.3051955514901405	0.026493860647466703	-1.7281371910854266	1.2003083363154219	{13 (stdv=1.0;mw=0.0)}{20 (stdv=1.0;mw=0.0)}
393	0	DEMO_1_SHUFFLE	1.8912157231928786	-0.038044799622194	3.2344250376181933	1.1142677777176384	{14 (stdv=1.0;mw=0.0)}{14 (stdv=1.0;mw=0.0)}
394	0	DEMO_1_SHUFFLE	2.3046842462938653	0.02022357186274516	-0.4539771424802505	1.2797825280830166	{14 (stdv=1.0;mw=0.0)}{15 (stdv=1.0;mw=0.0)}
395	0	DEMO_1_SHUFFLE	1.8652910089448627	0.02187715303734733	-2.746114933655493	1.1964164590522135	{14 (stdv=1.0;mw=0.0)}{16 (stdv=1.0;mw=0.0)}
396	0	DEMO_1_SHUFFLE	2.195255106317527	-0.009261466922517378	-0.08147505085487597	1.22106777727423	{14 (stdv=1.0;mw=0.0)}{17 (stdv=1.0;mw=0.0)}
397	0	DEMO_1_SHUFFLE	2.288444468094465	-0.022504531696240178	-0.850510420305977	1.1744216078768117	{14 (stdv=1.0;mw=0.0)}{18 (stdv=1.0;mw=0.0)}
398	0	DEMO_1_SHUFFLE	2.308431293305002	0.008122830987397946	-4.564993250271762	1.3416653732760977	{14 (stdv=1.0;mw=0.0)}{19 (stdv=1.0;mw=0.0)}
399	0	DEMO_1_SHUFFLE	2.144402661412481	-0.006811122501706181	0.036306109366283354	1.1256259728428215	{14 (stdv=1.0;mw=0.0)}{20 (stdv=1.0;mw=0.0)}
400	0	DEMO_1_SHUFFLE	2.213676337915851	-0.006939692739046309	-0.41451938257872567	1.305992020127075	{15 (stdv=1.0;mw=0.0)}{15 (stdv=1.0;mw=0.0)}
401	0	DEMO_1_SHUFFLE	1.5744100415561681	0.01989700279707459	1.8094343425745771	1.1469602815015492	{15 (stdv=1.0;mw=0.0)}{16 (stdv=1.0;mw=0.0)}
402	0	DEMO_1_SHUFFLE	2.068285496668108	-0.013136838538732208	3.7483491759670278	1.2588876435899998	{15 (stdv=1.0;mw=0.0)}{17 (stdv=1.0;mw=0.0)}
403	0	DEMO_1_SHUFFLE	2.280728607948259	-0.005336554003354922	-0.9506459737907915	1.170960985456611	{15 (stdv=1.0;mw=0.0)}{18 (stdv=1.0;mw=0.0)}
404	0	DEMO_1_SHUFFLE	1.4791982375454475	0.024365403278181184	0.6299636243047253	1.1315298114277172	{15 (stdv=1.0;mw=0.0)}{19 (stdv=1.0;mw=0.0)}
405	0	DEMO_1_SHUFFLE	2.5367488628498553	-0.02751714481050755	0.4245247167307009	1.216493701832535	{15 (stdv=1.0;mw=0.0)}{20 (stdv=1.0;mw=0.0)}
406	0	DEMO_1_SHUFFLE	2.22504512251828	0.0015018381999200318	3.485677224741281	1.1952067700369453	{16 (stdv=1.0;mw=0.0)}{16 (stdv=1.0;mw=0.0)}
407	0	DEMO_1_SHUFFLE	2.828390030514772	-0.02237211733765531	-0.13574539918631093	1.657994663185895	{16 (stdv=1.0;mw=0.0)}{17 (stdv=1.0;mw=0.0)}
408	0	DEMO_1_SHUFFLE	2.625877148654699	-0.022734429488450406	-0.6468990489001674	1.2588965466582178	{16 (stdv=1.0;mw=0.0)}{18 (stdv=1.0;mw=0.0)}
409	0	DEMO_1_SHUFFLE	1.7894352361665846	-0.009453345982932751	-2.364148365079077	1.1862210431305422	{16 (stdv=1.0;mw=0.0)}{19 (stdv=1.0;mw=0.0)}
410	0	DEMO_1_SHUFFLE	1.9777907787790672	0.0064546476737854155	-0.8612822027756253	1.1587239959400697	{16 (stdv=1.0;mw=0.0)}{20 (stdv=1.0;mw=0.0)}
411	0	DEMO_1_SHUFFLE	2.135444019366055	0.02035202509654799	-0.735283882526079	1.1485215774931719	{17 (stdv=1.0;mw=0.0)}{17 (stdv=1.0;mw=0.0)}
412	0	DEMO_1_SHUFFLE	1.99684577911547	-0.005940046947603754	1.3472688870003586	1.1854467299962317	{17 (stdv=1.0;mw=0.0)}{18 (stdv=1.0;mw=0.0)}
413	0	DEMO_1_SHUFFLE	2.78432859327718	-0.003544369360366231	-4.494495024151309	1.1588392292029723	{17 (stdv=1.0;mw=0.0)}{19 (stdv=1.0;mw=0.0)}
414	0	DEMO_1_SHUFFLE	1.4797270218996796	0.013280748407694934	0.3600985826768244	1.131611192024849	{17 (stdv=1.0;mw=0.0)}{20 (stdv=1.0;mw=0.0)}
415	0	DEMO_1_SHUFFLE	1.8884249799844313	0.00947717021405725	0.9516505108732413	1.2108201807360108	{18 (stdv=1.0;mw=0.0)}{18 (stdv=1.0;mw=0.0)}
416	0	DEMO_1_SHUFFLE	1.4948315277982875	-0.008089680410250022	0.7885584114003145	1.1339555944620203	{18 (stdv=1.0;mw=0.0)}{19 (stdv=1.0;mw=0.0)}
417	0	DEMO_1_SHUFFLE	1.768094165532694	0.03235336255577424	1.0673782276064088	1.1837199343461506	{18 (stdv=1.0;mw=0.0)}{20 (stdv=1.0;mw=0.0)}
418	0	DEMO_1_SHUFFLE	2.482989336936748	-0.008936127078310126	0.8209937415224478	1.1203992483164695	{19 (stdv=1.0;mw=0.0)}{19 (stdv=1.0;mw=0.0)}
419	0	DEMO_1_SHUFFLE	2.8395119394694146	0.010032615496067055	0.07297674816785299	1.1159607406744565	{19 (stdv=1.0;mw=0.0)}{20 (stdv=1.0;mw=0.0)}
420	0	DEMO_1_SHUFFLE	2.2720860209814306	-0.03482787015959286	-1.4878223140126912	1.1073509574931713	{20 (stdv=1.0;mw=0.0)}{20 (stdv=1.0;mw=0.0)}
